,AZ,CA,CO,ID,NM,NV,OR,UT,WA,MT,WY
2050-01-17 00:00:00,0.0,0.0,0.0,0.0,0.0,0.0,0.0,0.0,0.0,0,0
2050-01-17 01:00:00,0.0,0.0,0.0,0.0,0.0,0.0,0.0,0.0,0.0,0,0
2050-01-17 02:00:00,0.0,0.0,0.0,0.0,0.0,0.0,0.0,0.0,0.0,0,0
2050-01-17 03:00:00,0.0,0.0,0.0,0.0,0.0,0.0,0.0,0.0,0.0,0,0
2050-01-17 04:00:00,0.0,0.0,0.0,0.0,0.0,0.0,0.0,0.0,0.0,0,0
2050-01-17 05:00:00,0.0,0.0,0.0,0.0,0.0,0.0,0.0,0.0,0.0,0,0
2050-01-17 06:00:00,0.0,0.0,0.0,0.0,0.0,0.0,0.0,0.0,0.0,0,0
2050-01-17 07:00:00,0.0,0.0,0.0,0.0,0.032498394,0.0,0.0,0.0,0.0,0,0
2050-01-17 08:00:00,60.59601530570001,28.5522601007,0.0,0.0,6.456653559799999,0.0,0.0,30.594124640000004,0.0,0,0
2050-01-17 09:00:00,122.5794203403,98.5854299982,0.0,0.0,10.0610710932,394.27837505714103,0.0,86.16166288000001,0.0,0,0
2050-01-17 10:00:00,155.411376246,141.41041213350002,0.0,0.0,12.3789695535,742.6905881978331,0.0,113.79428927999999,0.0,0,0
2050-01-17 11:00:00,183.8964991395,166.4691757285,0.0,0.0,13.607051429399998,502.79885554958656,0.0,130.14933872,0.004426088,0,0
2050-01-17 12:00:00,191.5655873005,177.63510865220002,0.0,0.0,13.806442971300001,594.8201231711499,0.0,137.00921856000002,0.0014494445,0,0
2050-01-17 13:00:00,186.766352864,175.0367943413,0.0,0.0,13.0894441586,509.68842845625505,0.0,133.67198896,0.0001454445,0,0
2050-01-17 14:00:00,166.0706515412,160.9350361393,0.0,0.0,11.360583811599998,422.4279919467607,0.0,119.91820000000001,0.0004771255,0,0
2050-01-17 15:00:00,132.20209700110001,135.34937711709998,0.0,0.0,8.553372528499999,388.9184436575898,0.0,96.21535632000001,0.0087513535,0,0
2050-01-17 16:00:00,79.62611720209999,93.68714081409999,0.0,0.0,3.7422626187000003,470.79049779990055,0.0,53.71270752,0.0063261955,0,0
2050-01-17 17:00:00,0.0,16.6838918706,0.0,0.0,0.0,16.064388752774345,0.0,0.0,0.0,0,0
2050-01-17 18:00:00,0.0,0.0,0.0,0.0,0.0,0.0,0.0,0.0,0.0,0,0
2050-01-17 19:00:00,0.0,0.0,0.0,0.0,0.0,0.0,0.0,0.0,0.0,0,0
2050-01-17 20:00:00,0.0,0.0,0.0,0.0,0.0,0.0,0.0,0.0,0.0,0,0
2050-01-17 21:00:00,0.0,0.0,0.0,0.0,0.0,0.0,0.0,0.0,0.0,0,0
2050-01-17 22:00:00,0.0,0.0,0.0,0.0,0.0,0.0,0.0,0.0,0.0,0,0
2050-01-17 23:00:00,0.0,0.0,0.0,0.0,0.0,0.0,0.0,0.0,0.0,0,0
2050-01-18 00:00:00,0.0,0.0,0.0,0.0,0.0,0.0,0.0,0.0,0.0,0,0
2050-01-18 01:00:00,0.0,0.0,0.0,0.0,0.0,0.0,0.0,0.0,0.0,0,0
2050-01-18 02:00:00,0.0,0.0,0.0,0.0,0.0,0.0,0.0,0.0,0.0,0,0
2050-01-18 03:00:00,0.0,0.0,0.0,0.0,0.0,0.0,0.0,0.0,0.0,0,0
2050-01-18 04:00:00,0.0,0.0,0.0,0.0,0.0,0.0,0.0,0.0,0.0,0,0
2050-01-18 05:00:00,0.0,0.0,0.0,0.0,0.0,0.0,0.0,0.0,0.0,0,0
2050-01-18 06:00:00,0.0,0.0,0.0,0.0,0.0,0.0,0.0,0.0,0.0,0,0
2050-01-18 07:00:00,0.0,0.0,0.0,0.0,0.049887063,0.0,0.0,0.0,0.0,0,0
2050-01-18 08:00:00,58.5093982466,28.2046032439,0.0,0.0,4.721362122,0.0,0.0,12.11786832,0.0,0,0
2050-01-18 09:00:00,118.1386618496,96.46750191790001,0.0,0.0,9.4644955192,362.13300288904514,0.0,35.91530992,0.000723373,0,0
2050-01-18 10:00:00,154.7119013461,136.1837591235,0.0,0.0,11.381447228399999,238.68614921260766,0.0,74.20512271999999,0.0032408685,0,0
2050-01-18 11:00:00,166.1025033528,159.3666196737,0.0,0.0,12.6068197626,321.66853261775844,0.0,19.634622399999998,0.000565525,0,0
2050-01-18 12:00:00,181.7074651777,166.61350308439998,0.0,0.0,13.823873321799999,379.33736340261066,0.0,41.3754752,0.020454517,0,0
2050-01-18 13:00:00,174.6524119963,168.1709691977,0.0,0.0,12.975279174899999,288.3339727025759,0.0,69.26480832,0.018139288,0,0
2050-01-18 14:00:00,158.4853619909,152.5220150688,0.0,0.0,11.1175700225,332.0789839136997,0.0,58.95423168,0.019889175,0,0
2050-01-18 15:00:00,125.49572133,128.3283267681,0.0,0.0,7.6962891885,254.21672081429074,0.0,51.300064799999994,0.066926206,0,0
2050-01-18 16:00:00,71.23719568279999,87.59638239530001,0.0,0.0,3.7443457176999995,113.66198124804414,0.0,17.71828208,0.0109985655,0,0
2050-01-18 17:00:00,0.0,16.2400676382,0.0,0.0,0.0,42.174592760114706,0.0,0.0,0.0,0,0
2050-01-18 18:00:00,0.0,0.0,0.0,0.0,0.0,0.0,0.0,0.0,0.0,0,0
2050-01-18 19:00:00,0.0,0.0,0.0,0.0,0.0,0.0,0.0,0.0,0.0,0,0
2050-01-18 20:00:00,0.0,0.0,0.0,0.0,0.0,0.0,0.0,0.0,0.0,0,0
2050-01-18 21:00:00,0.0,0.0,0.0,0.0,0.0,0.0,0.0,0.0,0.0,0,0
2050-01-18 22:00:00,0.0,0.0,0.0,0.0,0.0,0.0,0.0,0.0,0.0,0,0
2050-01-18 23:00:00,0.0,0.0,0.0,0.0,0.0,0.0,0.0,0.0,0.0,0,0
2050-01-19 00:00:00,0.0,0.0,0.0,0.0,0.0,0.0,0.0,0.0,0.0,0,0
2050-01-19 01:00:00,0.0,0.0,0.0,0.0,0.0,0.0,0.0,0.0,0.0,0,0
2050-01-19 02:00:00,0.0,0.0,0.0,0.0,0.0,0.0,0.0,0.0,0.0,0,0
2050-01-19 03:00:00,0.0,0.0,0.0,0.0,0.0,0.0,0.0,0.0,0.0,0,0
2050-01-19 04:00:00,0.0,0.0,0.0,0.0,0.0,0.0,0.0,0.0,0.0,0,0
2050-01-19 05:00:00,0.0,0.0,0.0,0.0,0.0,0.0,0.0,0.0,0.0,0,0
2050-01-19 06:00:00,0.0,0.0,0.0,0.0,0.0,0.0,0.0,0.0,0.0,0,0
2050-01-19 07:00:00,0.0,0.0,0.0,0.0,0.158121897,0.0,0.0,0.0,0.0,0,0
2050-01-19 08:00:00,54.626196776200004,13.7551855563,0.0,0.0,6.3521368882,0.0,0.0,12.24771376,0.0,0,0
2050-01-19 09:00:00,114.3630731201,91.4631480864,0.0,0.0,9.0019918352,0.0,0.0,12.23527808,0.000464089,0,0
2050-01-19 10:00:00,155.23747656830002,127.9527378254,0.0,0.0,11.930511698100002,109.8893868732037,0.0,6.75579456,0.0040064325,0,0
2050-01-19 11:00:00,165.3022094584,148.09476907319998,0.0,0.0,12.2990466508,35.74166864242271,0.0,25.07810864,0.0080679885,0,0
2050-01-19 12:00:00,174.2360143846,153.2677208127,0.0,0.0,13.2447031114,42.3763940367535,0.0,13.94906032,0.009056668,0,0
2050-01-19 13:00:00,170.9398051508,161.08466983440002,0.0,0.0,12.519412738100002,36.676426491195876,0.0,62.973548,0.006312123,0,0
2050-01-19 14:00:00,160.8610463124,145.1825817043,0.0,0.0,10.9092129299,32.22304143567476,0.0,74.76180544,0.036234068,0,0
2050-01-19 15:00:00,127.6826741463,87.8679580485,0.0,0.0,8.2681336084,110.91481670876315,0.0,11.539269599999999,0.0005918295,0,0
2050-01-19 16:00:00,76.7246721213,66.7241935067,0.0,0.0,3.5413283638999995,212.48030812321073,0.0,10.18561248,0.003214768,0,0
2050-01-19 17:00:00,0.994343084,6.6183307398,0.0,0.0,0.0,28.925394516396565,0.0,0.0,0.0,0,0
2050-01-19 18:00:00,0.0,0.0,0.0,0.0,0.0,0.0,0.0,0.0,0.0,0,0
2050-01-19 19:00:00,0.0,0.0,0.0,0.0,0.0,0.0,0.0,0.0,0.0,0,0
2050-01-19 20:00:00,0.0,0.0,0.0,0.0,0.0,0.0,0.0,0.0,0.0,0,0
2050-01-19 21:00:00,0.0,0.0,0.0,0.0,0.0,0.0,0.0,0.0,0.0,0,0
2050-01-19 22:00:00,0.0,0.0,0.0,0.0,0.0,0.0,0.0,0.0,0.0,0,0
2050-01-19 23:00:00,0.0,0.0,0.0,0.0,0.0,0.0,0.0,0.0,0.0,0,0
2050-01-20 00:00:00,0.0,0.0,0.0,0.0,0.0,0.0,0.0,0.0,0.0,0,0
2050-01-20 01:00:00,0.0,0.0,0.0,0.0,0.0,0.0,0.0,0.0,0.0,0,0
2050-01-20 02:00:00,0.0,0.0,0.0,0.0,0.0,0.0,0.0,0.0,0.0,0,0
2050-01-20 03:00:00,0.0,0.0,0.0,0.0,0.0,0.0,0.0,0.0,0.0,0,0
2050-01-20 04:00:00,0.0,0.0,0.0,0.0,0.0,0.0,0.0,0.0,0.0,0,0
2050-01-20 05:00:00,0.0,0.0,0.0,0.0,0.0,0.0,0.0,0.0,0.0,0,0
2050-01-20 06:00:00,0.0,0.0,0.0,0.0,0.0,0.0,0.0,0.0,0.0,0,0
2050-01-20 07:00:00,0.0,0.0,0.0,0.0,0.0259631597,0.0,0.0,0.0,0.0,0,0
2050-01-20 08:00:00,61.708092214299995,25.122380870199997,0.0,0.0,3.0102060147,0.0,0.0,28.20639344,0.0,0,0
2050-01-20 09:00:00,61.18415499419999,71.7077374839,0.0,0.0,7.681963959099999,21.685188941662915,0.0,78.03692768,0.0,0,0
2050-01-20 10:00:00,162.2920731159,115.7680851988,0.0,0.0,10.7051746914,83.06095383983481,0.0,102.89828576,0.0018963275,0,0
2050-01-20 11:00:00,104.4749851229,125.15774639680001,0.0,0.0,11.6513012518,144.81526907712453,0.0,84.61340207999999,0.0062295395,0,0
2050-01-20 12:00:00,184.2124285211,101.7418439321,0.0,0.0,12.0362542244,23.446881556785115,0.0,82.7711464,0.0038735065,0,0
2050-01-20 13:00:00,177.0505512314,94.2734396804,0.0,0.0,12.985697117800001,37.777172611160914,0.0,118.79393504,0.018216166,0,0
2050-01-20 14:00:00,157.1718536717,86.5533312865,0.0,0.0,11.323918149299999,22.056704624597426,0.0,78.33603248,0.010222009,0,0
2050-01-20 15:00:00,123.61584532010001,82.4892884418,0.0,0.0,8.6100112139,31.838064930614127,0.0,50.707403199999995,0.005564457,0,0
2050-01-20 16:00:00,79.3751071575,21.5207430513,0.0,0.0,4.1219386150999995,17.63288340288992,0.0,24.11116736,0.0031439535,0,0
2050-01-20 17:00:00,2.7465986268,10.4844950148,0.0,0.0,0.0,1.358448677765801,0.0,0.0,0.0,0,0
2050-01-20 18:00:00,0.0,0.0,0.0,0.0,0.0,0.0,0.0,0.0,0.0,0,0
2050-01-20 19:00:00,0.0,0.0,0.0,0.0,0.0,0.0,0.0,0.0,0.0,0,0
2050-01-20 20:00:00,0.0,0.0,0.0,0.0,0.0,0.0,0.0,0.0,0.0,0,0
2050-01-20 21:00:00,0.0,0.0,0.0,0.0,0.0,0.0,0.0,0.0,0.0,0,0
2050-01-20 22:00:00,0.0,0.0,0.0,0.0,0.0,0.0,0.0,0.0,0.0,0,0
2050-01-20 23:00:00,0.0,0.0,0.0,0.0,0.0,0.0,0.0,0.0,0.0,0,0
2050-01-21 00:00:00,0.0,0.0,0.0,0.0,0.0,0.0,0.0,0.0,0.0,0,0
2050-01-21 01:00:00,0.0,0.0,0.0,0.0,0.0,0.0,0.0,0.0,0.0,0,0
2050-01-21 02:00:00,0.0,0.0,0.0,0.0,0.0,0.0,0.0,0.0,0.0,0,0
2050-01-21 03:00:00,0.0,0.0,0.0,0.0,0.0,0.0,0.0,0.0,0.0,0,0
2050-01-21 04:00:00,0.0,0.0,0.0,0.0,0.0,0.0,0.0,0.0,0.0,0,0
2050-01-21 05:00:00,0.0,0.0,0.0,0.0,0.0,0.0,0.0,0.0,0.0,0,0
2050-01-21 06:00:00,0.0,0.0,0.0,0.0,0.0,0.0,0.0,0.0,0.0,0,0
2050-01-21 07:00:00,0.0,0.0,0.0,0.0,0.2356071771,0.0,0.0,0.0,0.0,0,0
2050-01-21 08:00:00,16.410660609,0.2812775784,0.0,0.0,6.270323958900001,0.0,0.0,0.0,0.0,0,0
2050-01-21 09:00:00,14.3228343237,21.8137784271,0.0,0.0,9.6435769517,183.28027280927716,0.0,10.46638656,0.006490745,0,0
2050-01-21 10:00:00,64.3582007096,48.1686687582,0.0,0.0,10.310456665099998,19.256301816575785,0.0,0.34125775999999997,0.002111262,0,0
2050-01-21 11:00:00,17.3455615501,53.4352262957,0.0,0.0,8.0166410316,98.77231298199979,0.0,1.44829184,0.014247944,0,0
2050-01-21 12:00:00,98.2088918601,131.3857704138,0.0,0.0,5.9582708022999995,966.6269629016058,0.0,1.6560361600000002,0.03929413,0,0
2050-01-21 13:00:00,122.6318308236,86.651209811,0.0,0.0,5.997977923,521.5260600633243,0.0,24.638908320000002,0.0910807215,0,0
2050-01-21 14:00:00,151.079694864,154.1779283124,0.0,0.0,4.850499409,935.8519454598597,0.0,12.359504480000002,0.0872099365,0,0
2050-01-21 15:00:00,114.0303457104,128.5640233819,0.0,0.0,4.7031092392,40.80276655166254,0.0,6.85021792,0.007347757,0,0
2050-01-21 16:00:00,59.4330011849,88.51413940869999,0.0,0.0,1.4091855937,527.9889771971098,0.0,7.2797208,0.004351871,0,0
2050-01-21 17:00:00,2.5376970051999996,21.205488227100002,0.0,0.0,0.0,108.0907221134312,0.0,0.0,0.0,0,0
2050-01-21 18:00:00,0.0,0.0,0.0,0.0,0.0,0.0,0.0,0.0,0.0,0,0
2050-01-21 19:00:00,0.0,0.0,0.0,0.0,0.0,0.0,0.0,0.0,0.0,0,0
2050-01-21 20:00:00,0.0,0.0,0.0,0.0,0.0,0.0,0.0,0.0,0.0,0,0
2050-01-21 21:00:00,0.0,0.0,0.0,0.0,0.0,0.0,0.0,0.0,0.0,0,0
2050-01-21 22:00:00,0.0,0.0,0.0,0.0,0.0,0.0,0.0,0.0,0.0,0,0
2050-01-21 23:00:00,0.0,0.0,0.0,0.0,0.0,0.0,0.0,0.0,0.0,0,0
2050-01-22 00:00:00,0.0,0.0,0.0,0.0,0.0,0.0,0.0,0.0,0.0,0,0
2050-01-22 01:00:00,0.0,0.0,0.0,0.0,0.0,0.0,0.0,0.0,0.0,0,0
2050-01-22 02:00:00,0.0,0.0,0.0,0.0,0.0,0.0,0.0,0.0,0.0,0,0
2050-01-22 03:00:00,0.0,0.0,0.0,0.0,0.0,0.0,0.0,0.0,0.0,0,0
2050-01-22 04:00:00,0.0,0.0,0.0,0.0,0.0,0.0,0.0,0.0,0.0,0,0
2050-01-22 05:00:00,0.0,0.0,0.0,0.0,0.0,0.0,0.0,0.0,0.0,0,0
2050-01-22 06:00:00,0.0,0.0,0.0,0.0,0.0,0.0,0.0,0.0,0.0,0,0
2050-01-22 07:00:00,0.0,0.0,0.0,0.0,0.13892885259999999,0.0,0.0,0.0,0.0,0,0
2050-01-22 08:00:00,15.523704834399998,8.855613524299999,0.0,0.0,6.7873961665,0.0,0.0,12.755507680000001,0.0,0,0
2050-01-22 09:00:00,119.88660945170001,49.2574841394,0.0,0.0,10.528015550900001,9.748607104155509,0.0,37.50668512,0.0,0,0
2050-01-22 10:00:00,159.8316086066,61.829506147699995,0.0,0.0,12.9757145695,258.7641789237218,0.0,66.45157488,0.0293564725,0,0
2050-01-22 11:00:00,119.19840157889999,50.2350896384,0.0,0.0,14.2976459737,278.1168963659508,0.0,103.35818528000001,0.004476947,0,0
2050-01-22 12:00:00,119.52580152590001,60.4288074325,0.0,0.0,14.5567655203,639.7877971903661,0.0,113.88606032,0.0143688725,0,0
2050-01-22 13:00:00,116.71842184030001,108.480570107,0.0,0.0,13.8034536696,20.491974284828913,0.0,101.45994352000001,0.0598256645,0,0
2050-01-22 14:00:00,87.2477506803,77.75187315720001,0.0,0.0,11.920695362299998,380.50663871146617,0.0,40.40663344000001,0.0018270385,0,0
2050-01-22 15:00:00,59.9378152261,111.4299407351,0.0,0.0,9.0452365453,255.36527737750518,0.0,17.113071520000002,0.016467345,0,0
2050-01-22 16:00:00,21.0358417892,76.1908753388,0.0,0.0,4.473262566,31.452667341052475,0.0,6.3030764800000005,0.0,0,0
2050-01-22 17:00:00,3.354893045,18.566630243200002,0.0,0.0,0.0,6.164128759670595,0.0,0.0,0.0,0,0
2050-01-22 18:00:00,0.0,0.0,0.0,0.0,0.0,0.0,0.0,0.0,0.0,0,0
2050-01-22 19:00:00,0.0,0.0,0.0,0.0,0.0,0.0,0.0,0.0,0.0,0,0
2050-01-22 20:00:00,0.0,0.0,0.0,0.0,0.0,0.0,0.0,0.0,0.0,0,0
2050-01-22 21:00:00,0.0,0.0,0.0,0.0,0.0,0.0,0.0,0.0,0.0,0,0
2050-01-22 22:00:00,0.0,0.0,0.0,0.0,0.0,0.0,0.0,0.0,0.0,0,0
2050-01-22 23:00:00,0.0,0.0,0.0,0.0,0.0,0.0,0.0,0.0,0.0,0,0
2050-01-23 00:00:00,0.0,0.0,0.0,0.0,0.0,0.0,0.0,0.0,0.0,0,0
2050-01-23 01:00:00,0.0,0.0,0.0,0.0,0.0,0.0,0.0,0.0,0.0,0,0
2050-01-23 02:00:00,0.0,0.0,0.0,0.0,0.0,0.0,0.0,0.0,0.0,0,0
2050-01-23 03:00:00,0.0,0.0,0.0,0.0,0.0,0.0,0.0,0.0,0.0,0,0
2050-01-23 04:00:00,0.0,0.0,0.0,0.0,0.0,0.0,0.0,0.0,0.0,0,0
2050-01-23 05:00:00,0.0,0.0,0.0,0.0,0.0,0.0,0.0,0.0,0.0,0,0
2050-01-23 06:00:00,0.0,0.0,0.0,0.0,0.0,0.0,0.0,0.0,0.0,0,0
2050-01-23 07:00:00,0.0,0.0,0.0,0.0,0.0871502303,0.0,0.0,0.0,0.0,0,0
2050-01-23 08:00:00,6.5649128040999996,0.7803593521,0.0,0.0,6.5619219193,0.0,0.0,11.7870728,0.0,0,0
2050-01-23 09:00:00,43.5261794492,12.107862215199999,0.0,0.0,8.908073365499998,12.959590437185993,0.0,22.4538704,0.1036457095,0,0
2050-01-23 10:00:00,108.53472800029999,40.0199293538,0.0,0.0,12.2143730704,721.5757501150274,0.0,4.7002070400000004,0.2531994275,0,0
2050-01-23 11:00:00,86.448105884,32.9593150079,0.0,0.0,7.0021222415,98.31177378869094,0.0,4.76021904,0.3541955375,0,0
2050-01-23 12:00:00,67.1978024046,52.9686003588,0.0,0.0,12.7735650613,67.47230728177713,0.0,20.383388959999998,0.3914572375,0,0
2050-01-23 13:00:00,107.9729628481,39.7653234691,0.0,0.0,11.972620221,72.70276213821703,0.0,16.33368848,0.395003633,0,0
2050-01-23 14:00:00,62.1822495462,25.9073440892,0.0,0.0,10.296229066199999,39.78823632645649,0.0,12.719091520000001,0.366648496,0,0
2050-01-23 15:00:00,7.8400150038,20.738700195,0.0,0.0,5.2721072585,25.655827223748425,0.0,0.47840048,0.290374869,0,0
2050-01-23 16:00:00,4.1627685414,32.8846916854,0.0,0.0,1.194508237,559.0280955987862,0.0,0.94342816,0.163530412,0,0
2050-01-23 17:00:00,0.1407652302,14.6146775342,0.0,0.0,0.0,128.464326537276,0.0,0.0,0.0,0,0
2050-01-23 18:00:00,0.0,0.0,0.0,0.0,0.0,0.0,0.0,0.0,0.0,0,0
2050-01-23 19:00:00,0.0,0.0,0.0,0.0,0.0,0.0,0.0,0.0,0.0,0,0
2050-01-23 20:00:00,0.0,0.0,0.0,0.0,0.0,0.0,0.0,0.0,0.0,0,0
2050-01-23 21:00:00,0.0,0.0,0.0,0.0,0.0,0.0,0.0,0.0,0.0,0,0
2050-01-23 22:00:00,0.0,0.0,0.0,0.0,0.0,0.0,0.0,0.0,0.0,0,0
2050-01-23 23:00:00,0.0,0.0,0.0,0.0,0.0,0.0,0.0,0.0,0.0,0,0
2050-06-01 00:00:00,0.0,0.0,0.0,0.0,0.0,0.0,0.0,0.0,0.0,0,0
2050-06-01 01:00:00,0.0,0.0,0.0,0.0,0.0,0.0,0.0,0.0,0.0,0,0
2050-06-01 02:00:00,0.0,0.0,0.0,0.0,0.0,0.0,0.0,0.0,0.0,0,0
2050-06-01 03:00:00,0.0,0.0,0.0,0.0,0.0,0.0,0.0,0.0,0.0,0,0
2050-06-01 04:00:00,0.0,0.0,0.0,0.0,0.0,0.0,0.0,0.0,0.0,0,0
2050-06-01 05:00:00,0.2436455112,0.0,0.0,0.0,0.2775509998,0.0,0.0,0.11308256,0.0,0,0
2050-06-01 06:00:00,8.424379165300001,5.5223862526,0.0,0.0,1.2116656109,22.978754744678998,0.0,4.14069232,0.0054177945,0,0
2050-06-01 07:00:00,42.7874616778,27.2621578482,0.0,0.0,4.1254798276999995,102.69023125319205,0.0,26.860304,0.041151354,0,0
2050-06-01 08:00:00,87.8831662723,70.2341179402,0.0,0.0,7.0456495909,333.2474899335629,0.0,57.970277120000006,0.05557883,0,0
2050-06-01 09:00:00,124.359790261,107.0545112869,0.0,0.0,9.283088339299999,538.3902051229227,0.0,83.22125120000001,0.188811945,0,0
2050-06-01 10:00:00,150.9471467833,132.2446835306,0.0,0.0,10.7486397604,686.6111200392336,0.0,100.00293343999999,0.290683595,0,0
2050-06-01 11:00:00,157.74562454210002,147.08747126519998,0.0,0.0,11.4954257511,783.1851289925253,0.0,109.66069920000001,0.334914644,0,0
2050-06-01 12:00:00,163.3181088854,154.5486981529,0.0,0.0,11.5437935003,829.6093134779213,0.0,113.04038847999999,0.353305817,0,0
2050-06-01 13:00:00,158.7219323662,153.0278422834,0.0,0.0,10.861489403,823.0387757061834,0.0,109.30189344,0.3522077885,0,0
2050-06-01 14:00:00,143.67456438300002,140.8879013022,0.0,0.0,9.483304196099999,759.6873563660452,0.0,98.96159248000001,0.0911518015,0,0
2050-06-01 15:00:00,115.2490348933,119.34878763149999,0.0,0.0,7.1984759142999994,153.44973980554755,0.0,81.73941504,0.2021216795,0,0
2050-06-01 16:00:00,78.4257888176,87.2360624797,0.0,0.0,4.4713319787,459.6444222921014,0.0,56.645764959999994,0.1711689415,0,0
2050-06-01 17:00:00,38.20010753930001,47.233122643499996,0.0,0.0,1.178297439,8.553000132079427,0.0,13.90404496,0.111773889,0,0
2050-06-01 18:00:00,10.158829515099999,10.669997007100001,0.0,0.0,0.3875242494,82.73756441352552,0.0,6.0290731200000005,0.041515316,0,0
2050-06-01 19:00:00,0.0,1.3928444222,0.0,0.0,0.0,30.239780865702254,0.0,0.0,0.0140553825,0,0
2050-06-01 20:00:00,0.0,0.0,0.0,0.0,0.0,0.0,0.0,0.0,0.0,0,0
2050-06-01 21:00:00,0.0,0.0,0.0,0.0,0.0,0.0,0.0,0.0,0.0,0,0
2050-06-01 22:00:00,0.0,0.0,0.0,0.0,0.0,0.0,0.0,0.0,0.0,0,0
2050-06-01 23:00:00,0.0,0.0,0.0,0.0,0.0,0.0,0.0,0.0,0.0,0,0
2050-06-02 00:00:00,0.0,0.0,0.0,0.0,0.0,0.0,0.0,0.0,0.0,0,0
2050-06-02 01:00:00,0.0,0.0,0.0,0.0,0.0,0.0,0.0,0.0,0.0,0,0
2050-06-02 02:00:00,0.0,0.0,0.0,0.0,0.0,0.0,0.0,0.0,0.0,0,0
2050-06-02 03:00:00,0.0,0.0,0.0,0.0,0.0,0.0,0.0,0.0,0.0,0,0
2050-06-02 04:00:00,0.0,0.0,0.0,0.0,0.0,0.0,0.0,0.0,0.0,0,0
2050-06-02 05:00:00,0.2543307312,0.0,0.0,0.0,0.2693996928,0.0,0.0,0.06058272,0.0,0,0
2050-06-02 06:00:00,10.7207433914,5.3262945125000005,0.0,0.0,1.1833890769,7.955211684773565,0.0,5.75004976,0.012510234,0,0
2050-06-02 07:00:00,41.7826726632,27.8453497131,0.0,0.0,4.0583914127,103.73642610741464,0.0,26.47147104,0.043342818,0,0
2050-06-02 08:00:00,90.11662777459999,71.7009297196,0.0,0.0,6.915669317699999,327.4240532399868,0.0,57.131097759999996,0.142901252,0,0
2050-06-02 09:00:00,108.77262531100001,110.2485732195,0.0,0.0,9.1022099571,532.8005605598076,0.0,82.34195904,0.236480134,0,0
2050-06-02 10:00:00,157.4553301076,137.9448587851,0.0,0.0,10.5163099902,683.9651788926011,0.0,99.83882064,0.304809469,0,0
2050-06-02 11:00:00,174.9025797113,155.1869387512,0.0,0.0,11.3118237007,785.380992119318,0.0,110.48166368,0.349237814,0,0
2050-06-02 12:00:00,179.2983978765,162.3900264907,0.0,0.0,10.6141223057,240.47101188671616,0.0,50.82632976,0.371506882,0,0
2050-06-02 13:00:00,172.8781914734,159.7245553396,0.0,0.0,8.407361631699999,840.764466595829,0.0,94.48918704,0.368885574,0,0
2050-06-02 14:00:00,156.0361390553,146.94758066810002,0.0,0.0,8.674784570700002,773.6455834021746,0.0,86.64863376,0.3468739265,0,0
2050-06-02 15:00:00,126.78061034100001,123.87953866550001,0.0,0.0,7.0624779277,438.3360230010658,0.0,83.08450047999999,0.2998377905,0,0
2050-06-02 16:00:00,86.2399465144,90.1891181068,0.0,0.0,4.1850717417,425.6250042975966,0.0,56.772990400000005,0.22992679,0,0
2050-06-02 17:00:00,39.6024113107,47.83293041500001,0.0,0.0,0.7887717074,297.3814868376086,0.0,26.406425759999998,0.1366570005,0,0
2050-06-02 18:00:00,9.2303867292,10.4054418214,0.0,0.0,0.19691564879999998,75.41604672754892,0.0,5.77840272,0.0415742515,0,0
2050-06-02 19:00:00,0.0,1.5538997511,0.0,0.0,0.0,26.254070303496327,0.0,0.53185216,0.014595288,0,0
2050-06-02 20:00:00,0.0,0.0,0.0,0.0,0.0,0.0,0.0,0.0,0.0,0,0
2050-06-02 21:00:00,0.0,0.0,0.0,0.0,0.0,0.0,0.0,0.0,0.0,0,0
2050-06-02 22:00:00,0.0,0.0,0.0,0.0,0.0,0.0,0.0,0.0,0.0,0,0
2050-06-02 23:00:00,0.0,0.0,0.0,0.0,0.0,0.0,0.0,0.0,0.0,0,0
2050-06-03 00:00:00,0.0,0.0,0.0,0.0,0.0,0.0,0.0,0.0,0.0,0,0
2050-06-03 01:00:00,0.0,0.0,0.0,0.0,0.0,0.0,0.0,0.0,0.0,0,0
2050-06-03 02:00:00,0.0,0.0,0.0,0.0,0.0,0.0,0.0,0.0,0.0,0,0
2050-06-03 03:00:00,0.0,0.0,0.0,0.0,0.0,0.0,0.0,0.0,0.0,0,0
2050-06-03 04:00:00,0.0,0.0,0.0,0.0,0.0,0.0,0.0,0.0,0.0,0,0
2050-06-03 05:00:00,0.2767091145,0.0,0.0,0.0,0.2841519283,0.0,0.0,0.23557456000000002,0.0,0,0
2050-06-03 06:00:00,8.8926665359,5.940250891000001,0.0,0.0,1.195223043,27.10519429214316,0.0,5.50621312,0.0005286795,0,0
2050-06-03 07:00:00,43.8374153021,27.675250175600002,0.0,0.0,4.1665714795,106.15614539000009,0.0,26.596107999999997,0.044649049,0,0
2050-06-03 08:00:00,92.5499542681,70.6040554814,0.0,0.0,7.1344385915,334.9391784072155,0.0,55.651544959999995,0.107220867,0,0
2050-06-03 09:00:00,132.2881179865,108.6579371471,0.0,0.0,9.186146557399999,545.0339213654456,0.0,79.89154528,0.1625936975,0,0
2050-06-03 10:00:00,158.7412570611,136.8341290523,0.0,0.0,10.720102797900001,701.1412295712516,0.0,96.97360624,0.222019873,0,0
2050-06-03 11:00:00,174.6040051133,151.7570646722,0.0,0.0,11.2541764005,393.42446658938997,0.0,108.36157776,0.3469320385,0,0
2050-06-03 12:00:00,178.9593033809,158.8925113906,0.0,0.0,11.3128802151,256.87142375765603,0.0,112.10655552,0.1385499705,0,0
2050-06-03 13:00:00,171.82612895210002,155.9228002727,0.0,0.0,10.6211897768,571.9377655429155,0.0,108.68243423999999,0.24198564,0,0
2050-06-03 14:00:00,152.454122716,143.2508411918,0.0,0.0,9.3472155883,607.3010284494144,0.0,98.37873936,0.3444105825,0,0
2050-06-03 15:00:00,123.76969440570001,120.53006684699999,0.0,0.0,6.905848041299999,575.3861745954667,0.0,81.69599776,0.2197073495,0,0
2050-06-03 16:00:00,84.6823216554,87.7969903839,0.0,0.0,4.256232193400001,518.541093836218,0.0,56.56712736,0.149273679,0,0
2050-06-03 17:00:00,39.9869032983,47.8846311239,0.0,0.0,1.3868311377,261.90022078382566,0.0,26.60617488,0.123877827,0,0
2050-06-03 18:00:00,8.734630002000001,11.8165922638,0.0,0.0,0.3943479129,94.94693265720963,0.0,5.83570368,0.044154898,0,0
2050-06-03 19:00:00,0.0,1.6851871396,0.0,0.0,0.0,31.759960696627605,0.0,0.44623904,0.018299028,0,0
2050-06-03 20:00:00,0.0,0.0,0.0,0.0,0.0,0.0,0.0,0.0,0.0,0,0
2050-06-03 21:00:00,0.0,0.0,0.0,0.0,0.0,0.0,0.0,0.0,0.0,0,0
2050-06-03 22:00:00,0.0,0.0,0.0,0.0,0.0,0.0,0.0,0.0,0.0,0,0
2050-06-03 23:00:00,0.0,0.0,0.0,0.0,0.0,0.0,0.0,0.0,0.0,0,0
2050-06-04 00:00:00,0.0,0.0,0.0,0.0,0.0,0.0,0.0,0.0,0.0,0,0
2050-06-04 01:00:00,0.0,0.0,0.0,0.0,0.0,0.0,0.0,0.0,0.0,0,0
2050-06-04 02:00:00,0.0,0.0,0.0,0.0,0.0,0.0,0.0,0.0,0.0,0,0
2050-06-04 03:00:00,0.0,0.0,0.0,0.0,0.0,0.0,0.0,0.0,0.0,0,0
2050-06-04 04:00:00,0.0,0.0,0.0,0.0,0.0,0.0,0.0,0.0,0.0,0,0
2050-06-04 05:00:00,0.2927277717,0.0,0.0,0.0,0.324529764,0.0,0.0,0.31919776,0.0,0,0
2050-06-04 06:00:00,7.834394618400001,6.1065240788,0.0,0.0,1.2823726468,39.707635662928176,0.0,6.16850608,0.019268763,0,0
2050-06-04 07:00:00,43.1544421112,27.3372992097,0.0,0.0,3.9180073087999996,48.01960656389161,0.0,27.35513632,0.0,0,0
2050-06-04 08:00:00,91.9991930354,68.78983006579999,0.0,0.0,6.380465149099999,239.89642473268643,0.0,58.49858544,0.0192492075,0,0
2050-06-04 09:00:00,131.2492124601,105.7529373934,0.0,0.0,8.878226928,139.94532733579157,0.0,85.29357744,0.006577034,0,0
2050-06-04 10:00:00,157.64760220719998,131.9686413652,0.0,0.0,10.327387699900001,332.96650163422066,0.0,103.96693408000002,0.0318966465,0,0
2050-06-04 11:00:00,172.6687799557,150.09450537429998,0.0,0.0,10.953139801299999,242.36288323805994,0.0,116.10014944,0.0463710275,0,0
2050-06-04 12:00:00,177.4390796444,152.25076055,0.0,0.0,6.6886620897,462.6381977457881,0.0,119.87651632000001,0.149032308,0,0
2050-06-04 13:00:00,171.2701081595,141.1007120921,0.0,0.0,2.7267595887,186.9750024130204,0.0,116.58933216,0.061500365,0,0
2050-06-04 14:00:00,153.9576759035,138.90728162669998,0.0,0.0,2.0490862792,120.99919474311382,0.0,105.56464528,0.036758189,0,0
2050-06-04 15:00:00,127.04269260199999,112.622365706,0.0,0.0,0.6952491840999999,16.00653243642906,0.0,87.03646223999999,0.0456462905,0,0
2050-06-04 16:00:00,86.9822639476,85.7265579534,0.0,0.0,0.5933321993999999,7.955957837254775,0.0,60.08573984,0.026297606,0,0
2050-06-04 17:00:00,39.379649250199996,47.1835043476,0.0,0.0,0.8292170731999999,2.0026420252751023,0.0,27.75986064,0.0477206325,0,0
2050-06-04 18:00:00,7.3885025718,10.6636903799,0.0,0.0,0.3633741492,0.0,0.0,4.71533648,0.0167182125,0,0
2050-06-04 19:00:00,0.0,1.8636700604999998,0.0,0.0,0.0,33.61169714226123,0.0,0.58621088,0.0027932805,0,0
2050-06-04 20:00:00,0.0,0.0,0.0,0.0,0.0,0.0,0.0,0.0,0.0,0,0
2050-06-04 21:00:00,0.0,0.0,0.0,0.0,0.0,0.0,0.0,0.0,0.0,0,0
2050-06-04 22:00:00,0.0,0.0,0.0,0.0,0.0,0.0,0.0,0.0,0.0,0,0
2050-06-04 23:00:00,0.0,0.0,0.0,0.0,0.0,0.0,0.0,0.0,0.0,0,0
2050-06-05 00:00:00,0.0,0.0,0.0,0.0,0.0,0.0,0.0,0.0,0.0,0,0
2050-06-05 01:00:00,0.0,0.0,0.0,0.0,0.0,0.0,0.0,0.0,0.0,0,0
2050-06-05 02:00:00,0.0,0.0,0.0,0.0,0.0,0.0,0.0,0.0,0.0,0,0
2050-06-05 03:00:00,0.0,0.0,0.0,0.0,0.0,0.0,0.0,0.0,0.0,0,0
2050-06-05 04:00:00,0.0,0.0,0.0,0.0,0.0,0.0,0.0,0.0,0.0,0,0
2050-06-05 05:00:00,0.24618823320000002,0.0,0.0,0.0,0.30523175459999996,0.0,0.0,0.37546832,0.0,0,0
2050-06-05 06:00:00,8.6002922964,5.7767790269,0.0,0.0,1.3006955937,0.0,0.0,4.57145168,0.008254609,0,0
2050-06-05 07:00:00,42.5799406445,29.096040199700003,0.0,0.0,3.6777314523999998,108.12475823482984,0.0,28.06254736,0.047376724,0,0
2050-06-05 08:00:00,90.28873115009999,76.4377391815,0.0,0.0,6.3408457977,185.83772836941714,0.0,61.47785759999999,0.058799585,0,0
2050-06-05 09:00:00,130.5741424785,118.0567796211,0.0,0.0,8.4903715975,342.1177402187457,0.0,89.7249968,0.080785819,0,0
2050-06-05 10:00:00,157.62803791,145.5111075886,0.0,0.0,10.2722189879,244.34208103669292,0.0,109.37481008,0.0837912635,0,0
2050-06-05 11:00:00,174.5720461471,163.0934722764,0.0,0.0,11.1908643002,687.6549873604449,0.0,121.47661407999999,0.126708998,0,0
2050-06-05 12:00:00,180.5060432574,171.2208383603,0.0,0.0,11.1276223773,251.09523413328543,0.0,125.78447936,0.1341796195,0,0
2050-06-05 13:00:00,175.51238899179998,168.1669426306,0.0,0.0,10.484695541799999,944.7270359031531,0.0,121.33533807999999,0.1252584405,0,0
2050-06-05 14:00:00,157.501545817,154.2303154853,0.0,0.0,9.2529196858,704.8964542104248,0.0,109.07751392,0.127787299,0,0
2050-06-05 15:00:00,129.0696436155,130.1991349313,0.0,0.0,6.999423996799999,753.2911417936031,0.0,90.08032831999999,0.1419029435,0,0
2050-06-05 16:00:00,88.04567381749999,94.67436168660001,0.0,0.0,4.5146840502000005,216.80034705414815,0.0,62.42757504,0.1294384765,0,0
2050-06-05 17:00:00,40.5721877379,50.9785831723,0.0,0.0,1.5128530312,50.98648235301151,0.0,29.126245439999998,0.1011243375,0,0
2050-06-05 18:00:00,8.1774550998,10.8905025357,0.0,0.0,0.36330634100000003,100.0728185815039,0.0,6.10926336,0.040772552,0,0
2050-06-05 19:00:00,0.0,2.0563110631,0.0,0.0,0.0,24.485895994804803,0.0,0.8672407999999999,0.011860292,0,0
2050-06-05 20:00:00,0.0,0.0,0.0,0.0,0.0,0.0,0.0,0.0,0.0,0,0
2050-06-05 21:00:00,0.0,0.0,0.0,0.0,0.0,0.0,0.0,0.0,0.0,0,0
2050-06-05 22:00:00,0.0,0.0,0.0,0.0,0.0,0.0,0.0,0.0,0.0,0,0
2050-06-05 23:00:00,0.0,0.0,0.0,0.0,0.0,0.0,0.0,0.0,0.0,0,0
2050-06-06 00:00:00,0.0,0.0,0.0,0.0,0.0,0.0,0.0,0.0,0.0,0,0
2050-06-06 01:00:00,0.0,0.0,0.0,0.0,0.0,0.0,0.0,0.0,0.0,0,0
2050-06-06 02:00:00,0.0,0.0,0.0,0.0,0.0,0.0,0.0,0.0,0.0,0,0
2050-06-06 03:00:00,0.0,0.0,0.0,0.0,0.0,0.0,0.0,0.0,0.0,0,0
2050-06-06 04:00:00,0.0,0.0,0.0,0.0,0.0,0.0,0.0,0.0,0.0,0,0
2050-06-06 05:00:00,0.2925453804,0.0,0.0,0.0,0.26530098700000004,0.0,0.0,0.53092624,0.0,0,0
2050-06-06 06:00:00,7.6775148758,6.519268851499999,0.0,0.0,1.0618507609,25.90446489652166,0.0,5.6519416,0.019096908,0,0
2050-06-06 07:00:00,43.3230976171,28.457062770999997,0.0,0.0,4.1765543208,109.78368887931906,0.0,28.673803200000002,0.0461322035,0,0
2050-06-06 08:00:00,92.21990643180001,73.583809117,0.0,0.0,7.1562404134,355.08046565317835,0.0,62.087949120000005,0.116921034,0,0
2050-06-06 09:00:00,132.2119821309,112.99605117290001,0.0,0.0,9.392063799399999,574.7501137315897,0.0,85.83126976000001,0.2446774475,0,0
2050-06-06 10:00:00,159.68642790520002,139.89618220609998,0.0,0.0,10.958671251399998,731.5693682438497,0.0,96.43879536,0.3160961255,0,0
2050-06-06 11:00:00,174.0775587663,156.2327563798,0.0,0.0,11.761641640699999,829.4437636436138,0.0,115.49755568,0.362338043,0,0
2050-06-06 12:00:00,178.3971281729,163.1734467514,0.0,0.0,11.8468429636,876.59221347077,0.0,111.49895040000001,0.344670513,0,0
2050-06-06 13:00:00,173.02574217600002,160.9007849,0.0,0.0,11.219785360500001,871.3235197457001,0.0,120.2036288,0.3837407125,0,0
2050-06-06 14:00:00,157.5204187123,148.8014080344,0.0,0.0,9.8340769128,803.6242120562792,0.0,108.60356304,0.354440816,0,0
2050-06-06 15:00:00,129.2376142092,126.3559885927,0.0,0.0,7.683390943399999,698.9975265517847,0.0,89.42647104000001,0.305177082,0,0
2050-06-06 16:00:00,88.8074640887,92.80442969559999,0.0,0.0,4.7255754706,537.2312371297379,0.0,62.172823199999996,0.2340305415,0,0
2050-06-06 17:00:00,40.5174629384,50.0381322751,0.0,0.0,1.5054109724,317.17550199373574,0.0,29.0291992,0.1404348485,0,0
2050-06-06 18:00:00,6.789238619800001,10.787936873000001,0.0,0.0,0.3221607083,85.08364827923282,0.0,4.12392032,0.0404801075,0,0
2050-06-06 19:00:00,0.0,2.1904192483,0.0,0.0,0.0,24.40099888117539,0.0,0.81666784,0.0110964725,0,0
2050-06-06 20:00:00,0.0,0.0,0.0,0.0,0.0,0.0,0.0,0.0,0.0,0,0
2050-06-06 21:00:00,0.0,0.0,0.0,0.0,0.0,0.0,0.0,0.0,0.0,0,0
2050-06-06 22:00:00,0.0,0.0,0.0,0.0,0.0,0.0,0.0,0.0,0.0,0,0
2050-06-06 23:00:00,0.0,0.0,0.0,0.0,0.0,0.0,0.0,0.0,0.0,0,0
2050-06-07 00:00:00,0.0,0.0,0.0,0.0,0.0,0.0,0.0,0.0,0.0,0,0
2050-06-07 01:00:00,0.0,0.0,0.0,0.0,0.0,0.0,0.0,0.0,0.0,0,0
2050-06-07 02:00:00,0.0,0.0,0.0,0.0,0.0,0.0,0.0,0.0,0.0,0,0
2050-06-07 03:00:00,0.0,0.0,0.0,0.0,0.0,0.0,0.0,0.0,0.0,0,0
2050-06-07 04:00:00,0.0,0.0,0.0,0.0,0.0,0.0,0.0,0.0,0.0,0,0
2050-06-07 05:00:00,0.2931922812,0.0,0.0,0.0,0.25925498739999997,0.0,0.0,0.55517216,0.0,0,0
2050-06-07 06:00:00,7.8672759235,5.8888517589,0.0,0.0,1.0450706314,30.219129215943273,0.0,5.58543904,0.0,0,0
2050-06-07 07:00:00,43.0740214513,27.5806645119,0.0,0.0,4.17406746,106.47163485461299,0.0,28.35885408,0.0055937455,0,0
2050-06-07 08:00:00,91.46705122659999,72.0631790012,0.0,0.0,7.1636040257,342.6562668066603,0.0,61.158894239999995,0.022756724,0,0
2050-06-07 09:00:00,131.0474553913,110.09894964550001,0.0,0.0,9.3701607881,562.513548519172,0.0,87.43532592,0.016142707,0,0
2050-06-07 10:00:00,157.3960091424,137.59633213499998,0.0,0.0,10.886241906599999,723.2300453595287,0.0,104.76105808,0.0338134275,0,0
2050-06-07 11:00:00,172.52740396989998,152.9323122935,0.0,0.0,11.725831572,112.68686753988031,0.0,114.41941328,0.1142904765,0,0
2050-06-07 12:00:00,176.9693509486,158.26039198109999,0.0,0.0,11.7998842305,392.7130188747488,0.0,117.05047135999999,0.1245406885,0,0
2050-06-07 13:00:00,170.5070554376,154.689030844,0.0,0.0,11.113232823499999,380.61209030150815,0.0,113.13870367999999,0.0533858035,0,0
2050-06-07 14:00:00,152.7195197094,142.1996713669,0.0,0.0,9.7154891935,365.76450619222953,0.0,102.52085104000001,0.0412742085,0,0
2050-06-07 15:00:00,124.6664912892,121.221794874,0.0,0.0,7.5844593049,353.3240643581322,0.0,84.35484111999999,0.105638998,0,0
2050-06-07 16:00:00,85.71224593889998,89.1668372157,0.0,0.0,4.6726818267,176.54412389147734,0.0,59.0301504,0.009490123,0,0
2050-06-07 17:00:00,40.0087573361,48.4203027335,0.0,0.0,1.5313894468,308.1604530110018,0.0,27.850175840000002,0.041796264,0,0
2050-06-07 18:00:00,8.210559749,11.4665070914,0.0,0.0,0.3760473685,85.922627913232,0.0,4.73647056,0.013563665,0,0
2050-06-07 19:00:00,0.0,2.0177496298,0.0,0.0,0.0,26.067016238997763,0.0,0.9419312000000001,0.0117501435,0,0
2050-06-07 20:00:00,0.0,0.0,0.0,0.0,0.0,0.0,0.0,0.0,0.0,0,0
2050-06-07 21:00:00,0.0,0.0,0.0,0.0,0.0,0.0,0.0,0.0,0.0,0,0
2050-06-07 22:00:00,0.0,0.0,0.0,0.0,0.0,0.0,0.0,0.0,0.0,0,0
2050-06-07 23:00:00,0.0,0.0,0.0,0.0,0.0,0.0,0.0,0.0,0.0,0,0
2050-08-02 00:00:00,0.0,0.0,0.0,0.0,0.0,0.0,0.0,0.0,0.0,0,0
2050-08-02 01:00:00,0.0,0.0,0.0,0.0,0.0,0.0,0.0,0.0,0.0,0,0
2050-08-02 02:00:00,0.0,0.0,0.0,0.0,0.0,0.0,0.0,0.0,0.0,0,0
2050-08-02 03:00:00,0.0,0.0,0.0,0.0,0.0,0.0,0.0,0.0,0.0,0,0
2050-08-02 04:00:00,0.0,0.0,0.0,0.0,0.0,0.0,0.0,0.0,0.0,0,0
2050-08-02 05:00:00,0.0,0.0,0.0,0.0,0.0117518128,0.0,0.0,0.0,0.0,0,0
2050-08-02 06:00:00,5.1724392916,2.5504293582999997,0.0,0.0,0.7078480137000001,12.789503533062456,0.0,3.1860496,0.00790666,0,0
2050-08-02 07:00:00,34.3803858706,20.2596482961,0.0,0.0,3.530344079,74.92732495013587,0.0,21.92735488,0.0323467915,0,0
2050-08-02 08:00:00,80.9708296012,62.4820316285,0.0,0.0,6.7385499971,314.2618054752533,0.0,53.40366160000001,0.08516421,0,0
2050-08-02 09:00:00,120.54466849180001,101.1049699325,0.0,0.0,8.910517986199999,540.8322141202492,0.0,79.67578128000001,0.1057083325,0,0
2050-08-02 10:00:00,148.3166553561,127.14630370910001,0.0,0.0,10.6745306422,707.9771743589685,0.0,97.82998784,0.2839264125,0,0
2050-08-02 11:00:00,165.5704546657,144.652850167,0.0,0.0,11.2657663344,820.6487521355244,0.0,109.63034640000001,0.329569053,0,0
2050-08-02 12:00:00,147.2202558498,151.5114120703,0.0,0.0,11.675554669,883.0197699178995,0.0,114.16400191999999,0.3567415235,0,0
2050-08-02 13:00:00,133.5203430666,151.8848384914,0.0,0.0,10.784853975699999,887.2607363518632,0.0,111.52287072,0.362049538,0,0
2050-08-02 14:00:00,126.50146109090001,140.1486740286,0.0,0.0,9.7760143217,830.6699952585349,0.0,102.53803216,0.3420344785,0,0
2050-08-02 15:00:00,113.2599526975,119.71763584380001,0.0,0.0,7.777828885999999,729.0490872728318,0.0,86.34442048,0.300970592,0,0
2050-08-02 16:00:00,82.6031343004,89.04059260540001,0.0,0.0,4.953192684599999,569.4760187880163,0.0,62.50387696,0.23746748,0,0
2050-08-02 17:00:00,38.8151751484,50.861283672300004,0.0,0.0,1.5325440777,345.3001036876133,0.0,15.475765280000001,0.1478488635,0,0
2050-08-02 18:00:00,8.0722350562,12.706601749199999,0.0,0.0,0.1524318397,98.71658869514734,0.0,0.0,0.047549446,0,0
2050-08-02 19:00:00,0.0,0.5503647183,0.0,0.0,0.0,15.365836172564249,0.0,0.0,0.008263221,0,0
2050-08-02 20:00:00,0.0,0.0,0.0,0.0,0.0,0.0,0.0,0.0,0.0,0,0
2050-08-02 21:00:00,0.0,0.0,0.0,0.0,0.0,0.0,0.0,0.0,0.0,0,0
2050-08-02 22:00:00,0.0,0.0,0.0,0.0,0.0,0.0,0.0,0.0,0.0,0,0
2050-08-02 23:00:00,0.0,0.0,0.0,0.0,0.0,0.0,0.0,0.0,0.0,0,0
2050-08-03 00:00:00,0.0,0.0,0.0,0.0,0.0,0.0,0.0,0.0,0.0,0,0
2050-08-03 01:00:00,0.0,0.0,0.0,0.0,0.0,0.0,0.0,0.0,0.0,0,0
2050-08-03 02:00:00,0.0,0.0,0.0,0.0,0.0,0.0,0.0,0.0,0.0,0,0
2050-08-03 03:00:00,0.0,0.0,0.0,0.0,0.0,0.0,0.0,0.0,0.0,0,0
2050-08-03 04:00:00,0.0,0.0,0.0,0.0,0.0,0.0,0.0,0.0,0.0,0,0
2050-08-03 05:00:00,0.0,0.0,0.0,0.0,0.0031047965,0.0,0.0,0.0,0.0,0,0
2050-08-03 06:00:00,5.8566063052,2.6692527984,0.0,0.0,0.6704638294999999,11.989082051545715,0.0,3.42957584,0.006145784,0,0
2050-08-03 07:00:00,32.8228615071,20.7182097792,0.0,0.0,3.6121425449,72.54085052027132,0.0,22.79114496,0.028434026,0,0
2050-08-03 08:00:00,77.8222091759,60.9404852096,0.0,0.0,6.655342836300001,309.5064484616975,0.0,54.9629528,0.126364569,0,0
2050-08-03 09:00:00,118.8523256991,97.275374363,0.0,0.0,8.6795784345,533.6953292628903,0.0,81.67337328,0.2238016945,0,0
2050-08-03 10:00:00,146.7971556016,123.400299236,0.0,0.0,9.4582016697,697.1858208975616,0.0,100.60905376,0.295053346,0,0
2050-08-03 11:00:00,164.3734528793,129.2103171491,0.0,0.0,10.3550115037,803.2948788602823,0.0,112.60282079999999,0.341315069,0,0
2050-08-03 12:00:00,171.1349017882,146.4956731343,0.0,0.0,9.298892276099998,858.9313603396774,0.0,116.50642496,0.365775087,0,0
2050-08-03 13:00:00,166.3586964585,144.5006380999,0.0,0.0,8.0146284452,862.21614451564,0.0,112.94581872,0.36571923,0,0
2050-08-03 14:00:00,142.68364350660002,137.4672885301,0.0,0.0,1.7590780658,812.6517663232331,0.0,93.93662576,0.34180446,0,0
2050-08-03 15:00:00,112.840118825,109.4609551402,0.0,0.0,4.5694480555,710.5555638343021,0.0,69.0858016,0.298555786,0,0
2050-08-03 16:00:00,80.19817356740002,75.88821646279999,0.0,0.0,3.9491586210999996,551.4518055941327,0.0,46.9526656,0.234323925,0,0
2050-08-03 17:00:00,39.2468781292,44.4324506224,0.0,0.0,1.0267431273,335.58384258272457,0.0,28.2468072,0.145218023,0,0
2050-08-03 18:00:00,6.944686077000001,12.4673475614,0.0,0.0,0.097621101,97.11969860502595,0.0,6.64990272,0.0461081075,0,0
2050-08-03 19:00:00,0.0,0.4394898243,0.0,0.0,0.0,15.267553430469619,0.0,0.0,0.007542597,0,0
2050-08-03 20:00:00,0.0,0.0,0.0,0.0,0.0,0.0,0.0,0.0,0.0,0,0
2050-08-03 21:00:00,0.0,0.0,0.0,0.0,0.0,0.0,0.0,0.0,0.0,0,0
2050-08-03 22:00:00,0.0,0.0,0.0,0.0,0.0,0.0,0.0,0.0,0.0,0,0
2050-08-03 23:00:00,0.0,0.0,0.0,0.0,0.0,0.0,0.0,0.0,0.0,0,0
2050-08-04 00:00:00,0.0,0.0,0.0,0.0,0.0,0.0,0.0,0.0,0.0,0,0
2050-08-04 01:00:00,0.0,0.0,0.0,0.0,0.0,0.0,0.0,0.0,0.0,0,0
2050-08-04 02:00:00,0.0,0.0,0.0,0.0,0.0,0.0,0.0,0.0,0.0,0,0
2050-08-04 03:00:00,0.0,0.0,0.0,0.0,0.0,0.0,0.0,0.0,0.0,0,0
2050-08-04 04:00:00,0.0,0.0,0.0,0.0,0.0,0.0,0.0,0.0,0.0,0,0
2050-08-04 05:00:00,0.0,0.0,0.0,0.0,0.0024645153,0.0,0.0,0.0,0.0,0,0
2050-08-04 06:00:00,5.032514312,2.2473992222,0.0,0.0,0.7670130827,11.787767798464419,0.0,3.44154304,0.005920906,0,0
2050-08-04 07:00:00,34.281308124700004,20.7803329579,0.0,0.0,3.6542845146,72.41549111930044,0.0,22.55855648,0.0268589425,0,0
2050-08-04 08:00:00,80.8906947065,62.8894413492,0.0,0.0,6.7256103245,308.89207460644883,0.0,44.49531472,0.124631422,0,0
2050-08-04 09:00:00,121.07484244240001,100.2679471386,0.0,0.0,8.969895791499999,529.5499744608211,0.0,70.88979984,0.2192815465,0,0
2050-08-04 10:00:00,148.7582330598,127.8160295878,0.0,0.0,9.7866973563,681.2828729347332,0.0,88.40194512,0.2892037025,0,0
2050-08-04 11:00:00,150.663732891,143.5840692543,0.0,0.0,10.4744845262,776.4024849421289,0.0,109.67495008,0.335114631,0,0
2050-08-04 12:00:00,155.0727501421,135.9762823273,0.0,0.0,11.4596649425,829.1127044638929,0.0,113.75995344,0.35952191,0,0
2050-08-04 13:00:00,150.745483672,146.86539419460001,0.0,0.0,9.857271950599998,831.3775421574138,0.0,90.18177632000001,0.36034707,0,0
2050-08-04 14:00:00,144.5741408223,131.950107541,0.0,0.0,9.0258487713,780.5422811974196,0.0,79.5096312,0.3374422355,0,0
2050-08-04 15:00:00,123.677039563,112.9395584972,0.0,0.0,7.2331386267,682.7665213715437,0.0,68.37669456,0.2947317235,0,0
2050-08-04 16:00:00,85.6697904993,85.0763519579,0.0,0.0,4.607745466100001,451.1966146211403,0.0,23.69500784,0.2315404305,0,0
2050-08-04 17:00:00,40.5603521904,49.4450243128,0.0,0.0,1.7208224013,254.8241166978081,0.0,10.023294400000001,0.143391592,0,0
2050-08-04 18:00:00,6.8072851616,11.9343409241,0.0,0.0,0.2615688233,92.9496756548803,0.0,4.55794928,0.044915448,0,0
2050-08-04 19:00:00,0.0,0.4939060175,0.0,0.0,0.0,20.786440758680563,0.0,0.0,0.007823964,0,0
2050-08-04 20:00:00,0.0,0.0,0.0,0.0,0.0,0.0,0.0,0.0,0.0,0,0
2050-08-04 21:00:00,0.0,0.0,0.0,0.0,0.0,0.0,0.0,0.0,0.0,0,0
2050-08-04 22:00:00,0.0,0.0,0.0,0.0,0.0,0.0,0.0,0.0,0.0,0,0
2050-08-04 23:00:00,0.0,0.0,0.0,0.0,0.0,0.0,0.0,0.0,0.0,0,0
2050-08-05 00:00:00,0.0,0.0,0.0,0.0,0.0,0.0,0.0,0.0,0.0,0,0
2050-08-05 01:00:00,0.0,0.0,0.0,0.0,0.0,0.0,0.0,0.0,0.0,0,0
2050-08-05 02:00:00,0.0,0.0,0.0,0.0,0.0,0.0,0.0,0.0,0.0,0,0
2050-08-05 03:00:00,0.0,0.0,0.0,0.0,0.0,0.0,0.0,0.0,0.0,0,0
2050-08-05 04:00:00,0.0,0.0,0.0,0.0,0.0,0.0,0.0,0.0,0.0,0,0
2050-08-05 05:00:00,0.0,0.0,0.0,0.0,0.0,0.0,0.0,0.0,0.0,0,0
2050-08-05 06:00:00,6.1809151089,2.706503066,0.0,0.0,0.8345238893,13.73433848922138,0.0,2.8622158399999997,0.0053836225,0,0
2050-08-05 07:00:00,30.782709890800003,20.8667481962,0.0,0.0,3.4388636694,79.42609574254888,0.0,21.81973456,0.027542371,0,0
2050-08-05 08:00:00,47.243340997299995,64.0006103583,0.0,0.0,6.6420246437,62.40892926937379,0.0,52.94969904,0.1230271,0,0
2050-08-05 09:00:00,106.8514813653,103.78876173719999,0.0,0.0,9.048261132399999,360.0322747820194,0.0,79.48627728,0.2158112045,0,0
2050-08-05 10:00:00,94.0039945992,131.63210189129998,0.0,0.0,10.2940689563,313.40653542382717,0.0,97.85430384,0.283385898,0,0
2050-08-05 11:00:00,22.6174839184,149.9441586199,0.0,0.0,11.215449986700001,645.3172370812648,0.0,109.40360896,0.327936148,0,0
2050-08-05 12:00:00,115.73331878849999,159.31682155570002,0.0,0.0,10.647560776599999,327.4363236886196,0.0,113.25500224000001,0.34980481,0,0
2050-08-05 13:00:00,163.1562379307,157.65842032449999,0.0,0.0,10.418239743800001,294.96918164998755,0.0,110.29322031999999,0.3494393285,0,0
2050-08-05 14:00:00,151.0234682635,146.8076919108,0.0,0.0,8.1803255192,520.5000032283153,0.0,27.67079008,0.328281896,0,0
2050-08-05 15:00:00,123.5664125605,124.3733348729,0.0,0.0,6.5754940202,18.885568147714608,0.0,69.93035264000001,0.287573084,0,0
2050-08-05 16:00:00,54.9023264454,93.035607997,0.0,0.0,3.8657130017999997,170.14511558532658,0.0,54.55129648,0.2251639105,0,0
2050-08-05 17:00:00,42.2585967496,52.0117296517,0.0,0.0,1.3723189381999998,104.71428496261397,0.0,17.688568959999998,0.1394990195,0,0
2050-08-05 18:00:00,6.316406514600001,12.4520022098,0.0,0.0,0.21021467910000002,63.136552875712226,0.0,5.663205759999999,0.0434993395,0,0
2050-08-05 19:00:00,0.0,0.3990890751,0.0,0.0,0.0,0.0,0.0,0.0,0.010889294,0,0
2050-08-05 20:00:00,0.0,0.0,0.0,0.0,0.0,0.0,0.0,0.0,0.0,0,0
2050-08-05 21:00:00,0.0,0.0,0.0,0.0,0.0,0.0,0.0,0.0,0.0,0,0
2050-08-05 22:00:00,0.0,0.0,0.0,0.0,0.0,0.0,0.0,0.0,0.0,0,0
2050-08-05 23:00:00,0.0,0.0,0.0,0.0,0.0,0.0,0.0,0.0,0.0,0,0
2050-08-06 00:00:00,0.0,0.0,0.0,0.0,0.0,0.0,0.0,0.0,0.0,0,0
2050-08-06 01:00:00,0.0,0.0,0.0,0.0,0.0,0.0,0.0,0.0,0.0,0,0
2050-08-06 02:00:00,0.0,0.0,0.0,0.0,0.0,0.0,0.0,0.0,0.0,0,0
2050-08-06 03:00:00,0.0,0.0,0.0,0.0,0.0,0.0,0.0,0.0,0.0,0,0
2050-08-06 04:00:00,0.0,0.0,0.0,0.0,0.0,0.0,0.0,0.0,0.0,0,0
2050-08-06 05:00:00,0.0,0.0,0.0,0.0,0.000766558,0.0,0.0,0.0,0.0,0,0
2050-08-06 06:00:00,5.377257680900001,1.5007088943000002,0.0,0.0,0.7049033879,11.652782452073168,0.0,4.3526592,0.0,0,0
2050-08-06 07:00:00,32.4319798999,18.4067666477,0.0,0.0,3.3109745241999997,81.5547264818953,0.0,20.353010079999997,0.006130209,0,0
2050-08-06 08:00:00,79.039912616,63.010515200300006,0.0,0.0,6.7456640133,289.3240025194106,0.0,52.12326368,0.00569624,0,0
2050-08-06 09:00:00,117.94687227540001,102.25751642450001,0.0,0.0,9.1118070638,499.5008847191537,0.0,78.72984688,0.098212755,0,0
2050-08-06 10:00:00,144.6326155288,129.9280932192,0.0,0.0,10.6943966354,665.4027907857708,0.0,96.39153024000001,0.273741281,0,0
2050-08-06 11:00:00,161.2666245848,147.1170897619,0.0,0.0,11.5548108311,771.6783147886365,0.0,107.54319984,0.315562425,0,0
2050-08-06 12:00:00,166.81676077849997,153.3700708477,0.0,0.0,11.050094622100001,822.29066587614,0.0,111.62581952,0.3343236245,0,0
2050-08-06 13:00:00,161.6881364378,151.3882246595,0.0,0.0,10.814541056300001,816.2298613043207,0.0,72.44033616,0.3366126495,0,0
2050-08-06 14:00:00,144.2295573236,115.0080093024,0.0,0.0,9.0530058603,787.0954503903159,0.0,8.95703344,0.321595079,0,0
2050-08-06 15:00:00,119.51452444819999,97.4236698804,0.0,0.0,6.891568733300001,519.0991592077103,0.0,12.66764976,0.168267467,0,0
2050-08-06 16:00:00,83.82627209320002,84.5049555127,0.0,0.0,4.235434287,512.3569739741788,0.0,46.07226592,0.224581035,0,0
2050-08-06 17:00:00,38.630488091299995,50.241854779200004,0.0,0.0,1.608488404,163.06770081595835,0.0,14.385633760000001,0.139060484,0,0
2050-08-06 18:00:00,7.492679236700001,12.5059010458,0.0,0.0,0.223708493,98.62592827661655,0.0,3.29394272,0.0439213045,0,0
2050-08-06 19:00:00,0.0,0.3950227598,0.0,0.0,0.0,16.230720601155237,0.0,0.0,0.0110432035,0,0
2050-08-06 20:00:00,0.0,0.0,0.0,0.0,0.0,0.0,0.0,0.0,0.0,0,0
2050-08-06 21:00:00,0.0,0.0,0.0,0.0,0.0,0.0,0.0,0.0,0.0,0,0
2050-08-06 22:00:00,0.0,0.0,0.0,0.0,0.0,0.0,0.0,0.0,0.0,0,0
2050-08-06 23:00:00,0.0,0.0,0.0,0.0,0.0,0.0,0.0,0.0,0.0,0,0
2050-08-07 00:00:00,0.0,0.0,0.0,0.0,0.0,0.0,0.0,0.0,0.0,0,0
2050-08-07 01:00:00,0.0,0.0,0.0,0.0,0.0,0.0,0.0,0.0,0.0,0,0
2050-08-07 02:00:00,0.0,0.0,0.0,0.0,0.0,0.0,0.0,0.0,0.0,0,0
2050-08-07 03:00:00,0.0,0.0,0.0,0.0,0.0,0.0,0.0,0.0,0.0,0,0
2050-08-07 04:00:00,0.0,0.0,0.0,0.0,0.0,0.0,0.0,0.0,0.0,0,0
2050-08-07 05:00:00,0.0,0.0,0.0,0.0,0.0,0.0,0.0,0.0,0.0,0,0
2050-08-07 06:00:00,5.4219039672,2.4172700846,0.0,0.0,0.6776380934999999,11.758960528561989,0.0,2.9968913600000002,0.005763894,0,0
2050-08-07 07:00:00,33.785815310800004,20.5189942525,0.0,0.0,3.6441862666000002,78.80343670269494,0.0,22.016308000000002,0.0289677695,0,0
2050-08-07 08:00:00,78.76875876449999,61.861541600500004,0.0,0.0,6.7493577793,292.73741875583147,0.0,53.08963824,0.120948908,0,0
2050-08-07 09:00:00,117.64699522170001,99.97301752809999,0.0,0.0,9.133117112499999,507.48726359795637,0.0,79.04713296,0.2120429075,0,0
2050-08-07 10:00:00,144.90484132390003,127.7294667102,0.0,0.0,10.4160601503,673.7971565866941,0.0,96.30611999999999,0.2809201165,0,0
2050-08-07 11:00:00,162.4270599084,144.8322026607,0.0,0.0,11.2525630837,789.8790503071909,0.0,105.12410656,0.32497676,0,0
2050-08-07 12:00:00,168.90083469980001,152.4471581795,0.0,0.0,11.120731619199999,847.4885012364456,0.0,108.53303232,0.2793633885,0,0
2050-08-07 13:00:00,164.3570898732,84.8304607936,0.0,0.0,10.880236586399999,848.2469669688328,0.0,107.23744416000001,0.21831958,0,0
2050-08-07 14:00:00,149.41949142890002,133.187289393,0.0,0.0,9.6441879907,799.6919283253791,0.0,99.39921168,0.173519425,0,0
2050-08-07 15:00:00,123.78228163840001,120.93587847799999,0.0,0.0,7.1237460515999995,690.8540079604395,0.0,83.18546848,0.278828573,0,0
2050-08-07 16:00:00,86.98512033610001,75.1081262422,0.0,0.0,2.8768874360999996,535.4537503753506,0.0,59.51706528,0.1480840285,0,0
2050-08-07 17:00:00,41.8097239714,41.6184655582,0.0,0.0,0.9536618546000001,320.3816798734221,0.0,29.32979472,0.0709506845,0,0
2050-08-07 18:00:00,6.585991808899999,11.3134781128,0.0,0.0,0.14992667489999997,96.14401342503929,0.0,0.0,0.024446635,0,0
2050-08-07 19:00:00,0.0,0.3708639344,0.0,0.0,0.0,15.915316741633198,0.0,0.0,0.0,0,0
2050-08-07 20:00:00,0.0,0.0,0.0,0.0,0.0,0.0,0.0,0.0,0.0,0,0
2050-08-07 21:00:00,0.0,0.0,0.0,0.0,0.0,0.0,0.0,0.0,0.0,0,0
2050-08-07 22:00:00,0.0,0.0,0.0,0.0,0.0,0.0,0.0,0.0,0.0,0,0
2050-08-07 23:00:00,0.0,0.0,0.0,0.0,0.0,0.0,0.0,0.0,0.0,0,0
2050-08-08 00:00:00,0.0,0.0,0.0,0.0,0.0,0.0,0.0,0.0,0.0,0,0
2050-08-08 01:00:00,0.0,0.0,0.0,0.0,0.0,0.0,0.0,0.0,0.0,0,0
2050-08-08 02:00:00,0.0,0.0,0.0,0.0,0.0,0.0,0.0,0.0,0.0,0,0
2050-08-08 03:00:00,0.0,0.0,0.0,0.0,0.0,0.0,0.0,0.0,0.0,0,0
2050-08-08 04:00:00,0.0,0.0,0.0,0.0,0.0,0.0,0.0,0.0,0.0,0,0
2050-08-08 05:00:00,0.0,0.0,0.0,0.0,0.0,0.0,0.0,0.0,0.0,0,0
2050-08-08 06:00:00,4.8791704017,2.0720807852000003,0.0,0.0,0.7204881063999999,10.849151936474456,0.0,3.0758091199999997,0.006414406,0,0
2050-08-08 07:00:00,33.8883557166,20.283316270300002,0.0,0.0,3.6265761042999998,82.2661024733522,0.0,21.41105264,0.029968648,0,0
2050-08-08 08:00:00,79.73137907,62.4289256349,0.0,0.0,5.7390192514,288.5282118105796,0.0,52.11933904,0.1288992065,0,0
2050-08-08 09:00:00,117.36424933449999,100.81951451479999,0.0,0.0,7.5040355734999995,496.21567483138784,0.0,78.05712704,0.229686148,0,0
2050-08-08 10:00:00,142.3291959369,128.6872206765,0.0,0.0,9.6896317701,654.9837477464529,0.0,96.06506592000001,0.3051167315,0,0
2050-08-08 11:00:00,159.4722115917,144.5191428932,0.0,0.0,8.3822712841,761.6715713170983,0.0,106.85896112,0.353551407,0,0
2050-08-08 12:00:00,165.3916018545,147.9786308834,0.0,0.0,11.682107090399999,811.2388577689435,0.0,100.0393568,0.376618379,0,0
2050-08-08 13:00:00,161.7836151771,72.7872646273,0.0,0.0,10.9978955682,805.9068868429904,0.0,18.99399152,0.375742437,0,0
2050-08-08 14:00:00,145.4039842948,140.8196736827,0.0,0.0,9.7652103817,776.2100088362669,0.0,59.339857599999995,0.3526610615,0,0
2050-08-08 15:00:00,122.54112726310001,119.87919473459999,0.0,0.0,7.748672411599999,669.088247275887,0.0,1.49003808,0.3088475315,0,0
2050-08-08 16:00:00,85.564155341,89.59344285040001,0.0,0.0,4.8919183665,511.62555598002893,0.0,13.4365552,0.241691897,0,0
2050-08-08 17:00:00,41.136018241500004,49.9971434268,0.0,0.0,1.5384500909,308.41424318478477,0.0,25.15562144,0.1484634915,0,0
2050-08-08 18:00:00,7.060933922,11.724737702199999,0.0,0.0,0.17091567400000002,95.45628757517282,0.0,5.134832,0.046215563,0,0
2050-08-08 19:00:00,0.0,0.3311322411,0.0,0.0,0.0,14.305250408471538,0.0,0.0,0.0068338175,0,0
2050-08-08 20:00:00,0.0,0.0,0.0,0.0,0.0,0.0,0.0,0.0,0.0,0,0
2050-08-08 21:00:00,0.0,0.0,0.0,0.0,0.0,0.0,0.0,0.0,0.0,0,0
2050-08-08 22:00:00,0.0,0.0,0.0,0.0,0.0,0.0,0.0,0.0,0.0,0,0
2050-08-08 23:00:00,0.0,0.0,0.0,0.0,0.0,0.0,0.0,0.0,0.0,0,0
2050-08-09 00:00:00,0.0,0.0,0.0,0.0,0.0,0.0,0.0,0.0,0.0,0,0
2050-08-09 01:00:00,0.0,0.0,0.0,0.0,0.0,0.0,0.0,0.0,0.0,0,0
2050-08-09 02:00:00,0.0,0.0,0.0,0.0,0.0,0.0,0.0,0.0,0.0,0,0
2050-08-09 03:00:00,0.0,0.0,0.0,0.0,0.0,0.0,0.0,0.0,0.0,0,0
2050-08-09 04:00:00,0.0,0.0,0.0,0.0,0.0,0.0,0.0,0.0,0.0,0,0
2050-08-09 05:00:00,0.0,0.0,0.0,0.0,0.0,0.0,0.0,0.0,0.0,0,0
2050-08-09 06:00:00,5.4952049572,1.9547257546999999,0.0,0.0,0.7464917931,6.675717507775202,0.0,3.5529887999999996,0.0062048455,0,0
2050-08-09 07:00:00,27.2171516981,20.2175185887,0.0,0.0,3.6819762565,79.00562320224265,0.0,21.63767968,0.029795939,0,0
2050-08-09 08:00:00,79.3562656761,61.90437243779999,0.0,0.0,6.7313363163,267.93100804621474,0.0,51.24511696,0.0917733765,0,0
2050-08-09 09:00:00,118.7846188158,100.1423851392,0.0,0.0,9.0206052232,481.7152610112964,0.0,76.7263872,0.125579606,0,0
2050-08-09 10:00:00,147.345588159,126.9540156553,0.0,0.0,10.5678575014,654.3889369681185,0.0,94.62147664,0.2727978855,0,0
2050-08-09 11:00:00,162.692615799,144.0015518954,0.0,0.0,11.4388888992,776.5619417762526,0.0,106.44943984,0.2163828395,0,0
2050-08-09 12:00:00,169.0969917378,151.84172389530002,0.0,0.0,11.545246860799999,827.0372981113806,0.0,111.17951536,0.1811252295,0,0
2050-08-09 13:00:00,164.3033472472,150.2414597769,0.0,0.0,10.4979281128,831.7131407206017,0.0,43.2290096,0.185207695,0,0
2050-08-09 14:00:00,145.2869678883,64.4571083998,0.0,0.0,9.0032620854,782.7423678943037,0.0,40.55826112,0.15775784,0,0
2050-08-09 15:00:00,111.03397275110001,40.0775726301,0.0,0.0,7.1644141468,675.0021662368589,0.0,83.67475808,0.1743874,0,0
2050-08-09 16:00:00,78.7912113464,86.2767103756,0.0,0.0,4.6415127393999995,516.3859116367961,0.0,52.4169968,0.23074998,0,0
2050-08-09 17:00:00,39.407344977,44.7193834845,0.0,0.0,1.5792584228,310.17331906050777,0.0,22.571749439999998,0.120813709,0,0
2050-08-09 18:00:00,6.1847973005,6.3412556099,0.0,0.0,0.1930731861,98.00617055524769,0.0,4.2802020800000005,0.042673457,0,0
2050-08-09 19:00:00,0.0,0.3151367441,0.0,0.0,0.0,14.008326837146885,0.0,0.0,0.0067951875,0,0
2050-08-09 20:00:00,0.0,0.0,0.0,0.0,0.0,0.0,0.0,0.0,0.0,0,0
2050-08-09 21:00:00,0.0,0.0,0.0,0.0,0.0,0.0,0.0,0.0,0.0,0,0
2050-08-09 22:00:00,0.0,0.0,0.0,0.0,0.0,0.0,0.0,0.0,0.0,0,0
2050-08-09 23:00:00,0.0,0.0,0.0,0.0,0.0,0.0,0.0,0.0,0.0,0,0
2050-08-10 00:00:00,0.0,0.0,0.0,0.0,0.0,0.0,0.0,0.0,0.0,0,0
2050-08-10 01:00:00,0.0,0.0,0.0,0.0,0.0,0.0,0.0,0.0,0.0,0,0
2050-08-10 02:00:00,0.0,0.0,0.0,0.0,0.0,0.0,0.0,0.0,0.0,0,0
2050-08-10 03:00:00,0.0,0.0,0.0,0.0,0.0,0.0,0.0,0.0,0.0,0,0
2050-08-10 04:00:00,0.0,0.0,0.0,0.0,0.0,0.0,0.0,0.0,0.0,0,0
2050-08-10 05:00:00,0.0,0.0,0.0,0.0,0.0,0.0,0.0,0.0,0.0,0,0
2050-08-10 06:00:00,4.7921032033,1.9418680150999998,0.0,0.0,0.6671541597999999,8.589883201162198,0.0,0.0,0.005185127,0,0
2050-08-10 07:00:00,34.7587197748,20.4736291542,0.0,0.0,3.4857004603999995,77.24322492353356,0.0,19.45393824,0.0290883685,0,0
2050-08-10 08:00:00,81.6567509044,63.0095520542,0.0,0.0,6.4109779757,295.92301323846647,0.0,52.261016319999996,0.1276747415,0,0
2050-08-10 09:00:00,121.1472715908,100.029790613,0.0,0.0,8.6338672333,518.8969333760939,0.0,52.15217232,0.2221969225,0,0
2050-08-10 10:00:00,149.4312381933,128.5295529663,0.0,0.0,10.295834793200001,688.7479596126988,0.0,28.180765280000003,0.2870574015,0,0
2050-08-10 11:00:00,165.18906312860003,146.8493914832,0.0,0.0,10.881013470500001,803.8791683102189,0.0,111.20146448,0.1659644525,0,0
2050-08-10 12:00:00,170.5365052636,155.03599701040002,0.0,0.0,11.5311238227,864.6819725510876,0.0,114.86692432,0.3347812305,0,0
2050-08-10 13:00:00,155.28661402240002,154.29713660320002,0.0,0.0,11.026072154000001,866.4895066923693,0.0,23.715958559999997,0.3620506035,0,0
2050-08-10 14:00:00,135.0076940667,142.4287306522,0.0,0.0,9.3555685091,810.616618656765,0.0,4.38079664,0.3418848395,0,0
2050-08-10 15:00:00,119.0653793301,113.56536335359999,0.0,0.0,7.381337879299999,704.526693431853,0.0,9.95140544,0.2998855925,0,0
2050-08-10 16:00:00,78.47249962789999,82.24162593770001,0.0,0.0,4.709912710999999,542.483068965558,0.0,35.18717216,0.2361214215,0,0
2050-08-10 17:00:00,40.6470801639,43.5388499136,0.0,0.0,1.4844192511999998,322.9170018902707,0.0,29.207116640000002,0.1460084755,0,0
2050-08-10 18:00:00,6.1408284847,11.2199965573,0.0,0.0,0.2115021767,98.43623664985884,0.0,4.35293728,0.0456582515,0,0
2050-08-10 19:00:00,0.0,0.2700592804,0.0,0.0,0.0,13.42152244845975,0.0,0.0,0.006847415,0,0
2050-08-10 20:00:00,0.0,0.0,0.0,0.0,0.0,0.0,0.0,0.0,0.0,0,0
2050-08-10 21:00:00,0.0,0.0,0.0,0.0,0.0,0.0,0.0,0.0,0.0,0,0
2050-08-10 22:00:00,0.0,0.0,0.0,0.0,0.0,0.0,0.0,0.0,0.0,0,0
2050-08-10 23:00:00,0.0,0.0,0.0,0.0,0.0,0.0,0.0,0.0,0.0,0,0
2050-08-11 00:00:00,0.0,0.0,0.0,0.0,0.0,0.0,0.0,0.0,0.0,0,0
2050-08-11 01:00:00,0.0,0.0,0.0,0.0,0.0,0.0,0.0,0.0,0.0,0,0
2050-08-11 02:00:00,0.0,0.0,0.0,0.0,0.0,0.0,0.0,0.0,0.0,0,0
2050-08-11 03:00:00,0.0,0.0,0.0,0.0,0.0,0.0,0.0,0.0,0.0,0,0
2050-08-11 04:00:00,0.0,0.0,0.0,0.0,0.0,0.0,0.0,0.0,0.0,0,0
2050-08-11 05:00:00,0.0,0.0,0.0,0.0,0.0,0.0,0.0,0.0,0.0,0,0
2050-08-11 06:00:00,3.8676067962,1.2495436676,0.0,0.0,0.7897165624,7.723528447294283,0.0,3.9366584,0.0051226785,0,0
2050-08-11 07:00:00,23.0603333954,14.1982111614,0.0,0.0,3.6290947188,83.09079068447875,0.0,22.23937968,0.0298298615,0,0
2050-08-11 08:00:00,57.285940252100005,31.198349771,0.0,0.0,6.7172448126,292.6429350288505,0.0,54.03606592,0.1253767515,0,0
2050-08-11 09:00:00,80.4507000444,58.4606265455,0.0,0.0,9.150548188,499.39199041626813,0.0,80.1965528,0.218677922,0,0
2050-08-11 10:00:00,123.1552335839,69.4059971484,0.0,0.0,10.7145377169,661.2529151094434,0.0,98.03884096000002,0.284650274,0,0
2050-08-11 11:00:00,136.8031353066,138.3548498273,0.0,0.0,11.6467448169,762.9340069445028,0.0,108.9511304,0.3313206645,0,0
2050-08-11 12:00:00,136.3901834092,128.4964281527,0.0,0.0,11.7383293502,827.508568018512,0.0,112.33564848,0.355373589,0,0
2050-08-11 13:00:00,48.025380097100005,117.560208746,0.0,0.0,7.2345213936,841.3242984399396,0.0,9.80991504,0.35654089,0,0
2050-08-11 14:00:00,112.3171341474,120.2299712466,0.0,0.0,7.8912040868,763.3229675567654,0.0,2.35839232,0.3344900445,0,0
2050-08-11 15:00:00,122.1938515301,111.205313024,0.0,0.0,5.8075975966,665.8997341223838,0.0,5.46046912,0.2918310255,0,0
2050-08-11 16:00:00,81.9525648312,70.3052699652,0.0,0.0,4.5381452336,515.2485265379398,0.0,10.360717600000001,0.228533497,0,0
2050-08-11 17:00:00,36.770252807400006,43.5416774594,0.0,0.0,1.6143697565,310.6963326177665,0.0,4.4267288,0.1410227915,0,0
2050-08-11 18:00:00,6.1112864288,11.454360000800001,0.0,0.0,0.1073888163,95.93923447942896,0.0,0.0,0.043985256,0,0
2050-08-11 19:00:00,0.0,0.2079692351,0.0,0.0,0.0,11.862171347509257,0.0,0.0,0.00669476,0,0
2050-08-11 20:00:00,0.0,0.0,0.0,0.0,0.0,0.0,0.0,0.0,0.0,0,0
2050-08-11 21:00:00,0.0,0.0,0.0,0.0,0.0,0.0,0.0,0.0,0.0,0,0
2050-08-11 22:00:00,0.0,0.0,0.0,0.0,0.0,0.0,0.0,0.0,0.0,0,0
2050-08-11 23:00:00,0.0,0.0,0.0,0.0,0.0,0.0,0.0,0.0,0.0,0,0
2050-08-13 00:00:00,0.0,0.0,0.0,0.0,0.0,0.0,0.0,0.0,0.0,0,0
2050-08-13 01:00:00,0.0,0.0,0.0,0.0,0.0,0.0,0.0,0.0,0.0,0,0
2050-08-13 02:00:00,0.0,0.0,0.0,0.0,0.0,0.0,0.0,0.0,0.0,0,0
2050-08-13 03:00:00,0.0,0.0,0.0,0.0,0.0,0.0,0.0,0.0,0.0,0,0
2050-08-13 04:00:00,0.0,0.0,0.0,0.0,0.0,0.0,0.0,0.0,0.0,0,0
2050-08-13 05:00:00,0.0,0.0,0.0,0.0,0.0,0.0,0.0,0.0,0.0,0,0
2050-08-13 06:00:00,4.6291716674000005,1.5908307617000002,0.0,0.0,0.6127456219,3.811446361013176,0.0,3.75183968,0.0042507095,0,0
2050-08-13 07:00:00,34.0018095697,20.700707943199998,0.0,0.0,1.7128220425,83.05506212729713,0.0,20.7200992,0.029104715,0,0
2050-08-13 08:00:00,79.1957034939,61.7461975517,0.0,0.0,5.5613934605,260.3462489216932,0.0,27.98015216,0.1251291725,0,0
2050-08-13 09:00:00,117.88969867850001,99.8279188162,0.0,0.0,6.3372520687,443.7583940598004,0.0,23.513176960000003,0.2173821005,0,0
2050-08-13 10:00:00,145.7889785345,127.0791173819,0.0,0.0,4.7932815636,595.2068360713646,0.0,27.0052144,0.283059839,0,0
2050-08-13 11:00:00,158.471312692,144.97761306110002,0.0,0.0,10.4590859025,712.0152648253552,0.0,59.03956656,0.331474065,0,0
2050-08-13 12:00:00,162.5386180908,92.1277904635,0.0,0.0,11.1704345823,757.5400729714938,0.0,94.8624336,0.324116961,0,0
2050-08-13 13:00:00,147.46096924719998,73.4657668959,0.0,0.0,10.945862608799999,736.9763789729014,0.0,95.35504608,0.36190516,0,0
2050-08-13 14:00:00,140.64391930469998,79.0923034877,0.0,0.0,9.6445107507,36.24458813983866,0.0,42.42854864,0.341231436,0,0
2050-08-13 15:00:00,110.03224418689999,93.9861640057,0.0,0.0,6.7923816211,237.95541952966138,0.0,1.1143526400000001,0.2996339685,0,0
2050-08-13 16:00:00,25.206168757,81.8143182993,0.0,0.0,2.1951658504999996,152.89761357644056,0.0,0.54069808,0.234179712,0,0
2050-08-13 17:00:00,39.1633580471,43.4209089051,0.0,0.0,0.5853762442,165.18006890169107,0.0,16.3212352,0.142962245,0,0
2050-08-13 18:00:00,6.5356436684000005,11.541489038000002,0.0,0.0,0.0946033399,41.713973745842765,0.0,2.13971248,0.040186656,0,0
2050-08-13 19:00:00,0.0,0.1371135028,0.0,0.0,0.0,0.0,0.0,0.0,0.007532184,0,0
2050-08-13 20:00:00,0.0,0.0,0.0,0.0,0.0,0.0,0.0,0.0,0.0,0,0
2050-08-13 21:00:00,0.0,0.0,0.0,0.0,0.0,0.0,0.0,0.0,0.0,0,0
2050-08-13 22:00:00,0.0,0.0,0.0,0.0,0.0,0.0,0.0,0.0,0.0,0,0
2050-08-13 23:00:00,0.0,0.0,0.0,0.0,0.0,0.0,0.0,0.0,0.0,0,0
2050-08-14 00:00:00,0.0,0.0,0.0,0.0,0.0,0.0,0.0,0.0,0.0,0,0
2050-08-14 01:00:00,0.0,0.0,0.0,0.0,0.0,0.0,0.0,0.0,0.0,0,0
2050-08-14 02:00:00,0.0,0.0,0.0,0.0,0.0,0.0,0.0,0.0,0.0,0,0
2050-08-14 03:00:00,0.0,0.0,0.0,0.0,0.0,0.0,0.0,0.0,0.0,0,0
2050-08-14 04:00:00,0.0,0.0,0.0,0.0,0.0,0.0,0.0,0.0,0.0,0,0
2050-08-14 05:00:00,0.0,0.0,0.0,0.0,0.0,0.0,0.0,0.0,0.0,0,0
2050-08-14 06:00:00,4.9122831610999995,1.5445157419,0.0,0.0,0.51882307,0.0,0.0,3.9236500800000003,0.003870194,0,0
2050-08-14 07:00:00,33.0985677981,20.9309371543,0.0,0.0,3.7280941179,76.03582758542882,0.0,21.802472480000002,0.029086738,0,0
2050-08-14 08:00:00,76.1268212985,60.8252626136,0.0,0.0,6.8688633773,238.57338995555207,0.0,50.01031584,0.1195890755,0,0
2050-08-14 09:00:00,115.24028462800001,98.95208867710001,0.0,0.0,9.2344096991,415.4123227412445,0.0,75.9847104,0.209803806,0,0
2050-08-14 10:00:00,144.99788746590002,127.3362696075,0.0,0.0,10.8399587282,562.566175984021,0.0,95.57442496,0.2763888595,0,0
2050-08-14 11:00:00,165.0056370697,147.1755760906,0.0,0.0,11.7005642496,653.0474311573912,0.0,109.49206176000001,0.3198908725,0,0
2050-08-14 12:00:00,154.6559198569,156.17849361129998,0.0,0.0,8.5239823883,712.2551511128256,0.0,113.96939824,0.343090557,0,0
2050-08-14 13:00:00,148.01749457250003,117.72630183860001,0.0,0.0,9.7242391202,659.6048354886343,0.0,110.42539423999999,0.3488129,0,0
2050-08-14 14:00:00,138.185947718,98.8639984588,0.0,0.0,7.2542008976,230.11627562302294,0.0,100.87280992000001,0.332276124,0,0
2050-08-14 15:00:00,116.31639204570001,63.9502436783,0.0,0.0,5.8841916875,98.29924652478552,0.0,83.18184688000001,0.290193879,0,0
2050-08-14 16:00:00,79.62663872240002,91.233669476,0.0,0.0,4.7107643073,12.56085002170455,0.0,58.29463584,0.2265475685,0,0
2050-08-14 17:00:00,39.5413409783,48.889021640799996,0.0,0.0,1.0602228361,96.31143268943931,0.0,19.93984048,0.1374538165,0,0
2050-08-14 18:00:00,6.4306850195,10.6837025057,0.0,0.0,0.0785615991,84.13444977709078,0.0,5.20918608,0.0423173855,0,0
2050-08-14 19:00:00,0.0,0.043342883,0.0,0.0,0.0,2.620028254261835,0.0,0.0,0.0058867235,0,0
2050-08-14 20:00:00,0.0,0.0,0.0,0.0,0.0,0.0,0.0,0.0,0.0,0,0
2050-08-14 21:00:00,0.0,0.0,0.0,0.0,0.0,0.0,0.0,0.0,0.0,0,0
2050-08-14 22:00:00,0.0,0.0,0.0,0.0,0.0,0.0,0.0,0.0,0.0,0,0
2050-08-14 23:00:00,0.0,0.0,0.0,0.0,0.0,0.0,0.0,0.0,0.0,0,0
2050-08-15 00:00:00,0.0,0.0,0.0,0.0,0.0,0.0,0.0,0.0,0.0,0,0
2050-08-15 01:00:00,0.0,0.0,0.0,0.0,0.0,0.0,0.0,0.0,0.0,0,0
2050-08-15 02:00:00,0.0,0.0,0.0,0.0,0.0,0.0,0.0,0.0,0.0,0,0
2050-08-15 03:00:00,0.0,0.0,0.0,0.0,0.0,0.0,0.0,0.0,0.0,0,0
2050-08-15 04:00:00,0.0,0.0,0.0,0.0,0.0,0.0,0.0,0.0,0.0,0,0
2050-08-15 05:00:00,0.0,0.0,0.0,0.0,0.0,0.0,0.0,0.0,0.0,0,0
2050-08-15 06:00:00,0.6545412783,1.494336795,0.0,0.0,0.7425365039,0.0,0.0,3.27190048,0.0034097785,0,0
2050-08-15 07:00:00,8.0565308495,19.8209799872,0.0,0.0,3.7019427294,77.3320980465861,0.0,21.57319584,0.0288803845,0,0
2050-08-15 08:00:00,17.054400983900003,61.94643497,0.0,0.0,6.8521137469,239.03121176563863,0.0,50.9006312,0.128488936,0,0
2050-08-15 09:00:00,29.6057812449,97.07757092189999,0.0,0.0,9.1752568445,410.5724121912483,0.0,76.49461136000001,0.227400179,0,0
2050-08-15 10:00:00,54.5838274303,128.51115198419998,0.0,0.0,10.7552895663,563.423978326581,0.0,95.06125920000001,0.30233905,0,0
2050-08-15 11:00:00,51.75459309720001,146.5502046353,0.0,0.0,11.5673063571,705.9519453147853,0.0,104.38540912,0.352860482,0,0
2050-08-15 12:00:00,31.8489992233,156.0645437182,0.0,0.0,10.9921251348,756.6787827998938,0.0,12.96061696,0.378110902,0,0
2050-08-15 13:00:00,111.0855533802,155.2749266747,0.0,0.0,8.0209266296,750.9642531342843,0.0,73.84663168,0.378266738,0,0
2050-08-15 14:00:00,35.420521801700005,142.60109523330001,0.0,0.0,7.621563575600001,688.4164006843394,0.0,26.996279360000003,0.3537761045,0,0
2050-08-15 15:00:00,75.3618345452,117.51691317009998,0.0,0.0,7.8047884361,577.5148250008475,0.0,48.35826144000001,0.3074727715,0,0
2050-08-15 16:00:00,77.5546770656,85.1410387089,0.0,0.0,3.1424181934,382.1054271523189,0.0,30.4745928,0.23833376,0,0
2050-08-15 17:00:00,13.5831367672,48.0117279144,0.0,0.0,1.559631847,181.52166313425175,0.0,26.140576640000003,0.144444091,0,0
2050-08-15 18:00:00,5.5676078304,10.6829143359,0.0,0.0,0.12837919250000002,0.0,0.0,4.77392736,0.04282943,0,0
2050-08-15 19:00:00,0.0,0.0673081904,0.0,0.0,0.0,0.0,0.0,0.0,0.0049984165,0,0
2050-08-15 20:00:00,0.0,0.0,0.0,0.0,0.0,0.0,0.0,0.0,0.0,0,0
2050-08-15 21:00:00,0.0,0.0,0.0,0.0,0.0,0.0,0.0,0.0,0.0,0,0
2050-08-15 22:00:00,0.0,0.0,0.0,0.0,0.0,0.0,0.0,0.0,0.0,0,0
2050-08-15 23:00:00,0.0,0.0,0.0,0.0,0.0,0.0,0.0,0.0,0.0,0,0
2050-11-06 00:00:00,0.0,0.0,0.0,0.0,0.0,0.0,0.0,0.0,0.0,0,0
2050-11-06 01:00:00,0.0,0.0,0.0,0.0,0.0,0.0,0.0,0.0,0.0,0,0
2050-11-06 02:00:00,0.0,0.0,0.0,0.0,0.0,0.0,0.0,0.0,0.0,0,0
2050-11-06 03:00:00,0.0,0.0,0.0,0.0,0.0,0.0,0.0,0.0,0.0,0,0
2050-11-06 04:00:00,0.0,0.0,0.0,0.0,0.0,0.0,0.0,0.0,0.0,0,0
2050-11-06 05:00:00,0.0,0.0,0.0,0.0,0.0,0.0,0.0,0.0,0.0,0,0
2050-11-06 06:00:00,0.0,0.0,0.0,0.0,0.0,0.0,0.0,0.0,0.0,0,0
2050-11-06 07:00:00,30.0128160199,4.3353241358000005,0.0,0.0,4.3670880786,0.0,0.0,10.50940928,0.0,0,0
2050-11-06 08:00:00,98.17069237710001,72.0701472405,0.0,0.0,8.234520191600001,263.99994129579545,0.0,63.25773888,0.0321575895,0,0
2050-11-06 09:00:00,144.6894667106,118.40557988900001,0.0,0.0,10.5938840037,590.8205839162923,0.0,93.91255279999999,0.1249344055,0,0
2050-11-06 10:00:00,172.5997390565,147.64107671340003,0.0,0.0,11.9385537125,772.3631242812859,0.0,113.93794784,0.1426583905,0,0
2050-11-06 11:00:00,185.18829981610003,161.3691768793,0.0,0.0,12.4747188051,870.8025433582388,0.0,124.77988912,0.240734899,0,0
2050-11-06 12:00:00,186.6253512592,165.12604418499998,0.0,0.0,12.3153134313,914.0988497014532,0.0,126.82068736,0.230940531,0,0
2050-11-06 13:00:00,175.48624895129998,157.5414873862,0.0,0.0,11.362913681199998,891.9493514720069,0.0,119.66148384,0.2077188355,0,0
2050-11-06 14:00:00,149.76115895089998,139.6272446652,0.0,0.0,9.563865093,804.4643982593294,0.0,103.42891152,0.2184476275,0,0
2050-11-06 15:00:00,112.68049454269999,109.87213673430001,0.0,0.0,6.7383128247999995,647.7282246445817,0.0,78.70676752,0.1253572185,0,0
2050-11-06 16:00:00,58.1874377511,65.8810668229,0.0,0.0,2.3395264571,408.27475419998416,0.0,40.09949648,0.050799094,0,0
2050-11-06 17:00:00,0.0,3.7874280951999997,0.0,0.0,0.0,0.0,0.0,0.0,0.0,0,0
2050-11-06 18:00:00,0.0,0.0,0.0,0.0,0.0,0.0,0.0,0.0,0.0,0,0
2050-11-06 19:00:00,0.0,0.0,0.0,0.0,0.0,0.0,0.0,0.0,0.0,0,0
2050-11-06 20:00:00,0.0,0.0,0.0,0.0,0.0,0.0,0.0,0.0,0.0,0,0
2050-11-06 21:00:00,0.0,0.0,0.0,0.0,0.0,0.0,0.0,0.0,0.0,0,0
2050-11-06 22:00:00,0.0,0.0,0.0,0.0,0.0,0.0,0.0,0.0,0.0,0,0
2050-11-06 23:00:00,0.0,0.0,0.0,0.0,0.0,0.0,0.0,0.0,0.0,0,0
2050-11-07 00:00:00,0.0,0.0,0.0,0.0,0.0,0.0,0.0,0.0,0.0,0,0
2050-11-07 01:00:00,0.0,0.0,0.0,0.0,0.0,0.0,0.0,0.0,0.0,0,0
2050-11-07 02:00:00,0.0,0.0,0.0,0.0,0.0,0.0,0.0,0.0,0.0,0,0
2050-11-07 03:00:00,0.0,0.0,0.0,0.0,0.0,0.0,0.0,0.0,0.0,0,0
2050-11-07 04:00:00,0.0,0.0,0.0,0.0,0.0,0.0,0.0,0.0,0.0,0,0
2050-11-07 05:00:00,0.0,0.0,0.0,0.0,0.0,0.0,0.0,0.0,0.0,0,0
2050-11-07 06:00:00,0.0,0.0,0.0,0.0,0.0,0.0,0.0,0.0,0.0,0,0
2050-11-07 07:00:00,27.040660129000003,2.9216174386,0.0,0.0,4.3142810268,0.0,0.0,9.3291552,0.0,0,0
2050-11-07 08:00:00,95.137049574,69.84335173459999,0.0,0.0,8.2086788664,237.7500783668327,0.0,62.805084640000004,0.0530440445,0,0
2050-11-07 09:00:00,141.7534090028,116.6428229206,0.0,0.0,10.7568953378,562.1361307122698,0.0,93.33396176000001,0.211627508,0,0
2050-11-07 10:00:00,170.7193505878,146.57707983490002,0.0,0.0,12.380909947900001,744.2806437625916,0.0,113.12655264,0.322422641,0,0
2050-11-07 11:00:00,184.9362642575,162.5506552252,0.0,0.0,13.0510146678,856.1007285231498,0.0,123.35718512,0.3762764175,0,0
2050-11-07 12:00:00,186.4927045716,168.4152406068,0.0,0.0,12.8612405579,896.2528628362791,0.0,125.31459072000001,0.3960103685,0,0
2050-11-07 13:00:00,175.5484107552,161.6785911736,0.0,0.0,11.7471033928,617.7548190578456,0.0,118.38273312,0.384565286,0,0
2050-11-07 14:00:00,150.8543894046,145.55798995130002,0.0,0.0,9.8100397113,390.96517461831274,0.0,103.75559824,0.342444629,0,0
2050-11-07 15:00:00,112.6134286326,115.18857924940001,0.0,0.0,6.834824467,220.73832815089332,0.0,78.5431464,0.266269851,0,0
2050-11-07 16:00:00,57.1619242348,68.3639740461,0.0,0.0,2.2140598733,76.22780394265226,0.0,37.94098224,0.1207665785,0,0
2050-11-07 17:00:00,0.0,3.0526816003,0.0,0.0,0.0,0.0,0.0,0.0,0.0,0,0
2050-11-07 18:00:00,0.0,0.0,0.0,0.0,0.0,0.0,0.0,0.0,0.0,0,0
2050-11-07 19:00:00,0.0,0.0,0.0,0.0,0.0,0.0,0.0,0.0,0.0,0,0
2050-11-07 20:00:00,0.0,0.0,0.0,0.0,0.0,0.0,0.0,0.0,0.0,0,0
2050-11-07 21:00:00,0.0,0.0,0.0,0.0,0.0,0.0,0.0,0.0,0.0,0,0
2050-11-07 22:00:00,0.0,0.0,0.0,0.0,0.0,0.0,0.0,0.0,0.0,0,0
2050-11-07 23:00:00,0.0,0.0,0.0,0.0,0.0,0.0,0.0,0.0,0.0,0,0
2050-11-08 00:00:00,0.0,0.0,0.0,0.0,0.0,0.0,0.0,0.0,0.0,0,0
2050-11-08 01:00:00,0.0,0.0,0.0,0.0,0.0,0.0,0.0,0.0,0.0,0,0
2050-11-08 02:00:00,0.0,0.0,0.0,0.0,0.0,0.0,0.0,0.0,0.0,0,0
2050-11-08 03:00:00,0.0,0.0,0.0,0.0,0.0,0.0,0.0,0.0,0.0,0,0
2050-11-08 04:00:00,0.0,0.0,0.0,0.0,0.0,0.0,0.0,0.0,0.0,0,0
2050-11-08 05:00:00,0.0,0.0,0.0,0.0,0.0,0.0,0.0,0.0,0.0,0,0
2050-11-08 06:00:00,0.0,0.0,0.0,0.0,0.0,0.0,0.0,0.0,0.0,0,0
2050-11-08 07:00:00,25.836079493,0.0043145774,0.0,0.0,2.5226879736,0.0,0.0,7.417321599999999,0.0,0,0
2050-11-08 08:00:00,93.69694683930001,36.4618029075,0.0,0.0,5.454423014,207.25815811741052,0.0,60.92551743999999,0.0,0,0
2050-11-08 09:00:00,139.5882609338,56.6831341205,0.0,0.0,6.530709137500001,548.2566915940282,0.0,94.65609088000001,0.0,0,0
2050-11-08 10:00:00,169.0485304151,44.7418266151,0.0,0.0,9.217243744800001,757.8290213874614,0.0,115.35421872,0.097070837,0,0
2050-11-08 11:00:00,181.7428685443,62.7816453129,0.0,0.0,9.5482600557,877.8933865586179,0.0,123.21118736000001,0.3541920335,0,0
2050-11-08 12:00:00,183.24952511040001,46.0223512914,0.0,0.0,5.5880976466,133.80989247711926,0.0,98.32779328000001,0.2429805665,0,0
2050-11-08 13:00:00,26.262058434500002,31.2790773919,0.0,0.0,6.0271618607,164.27420161426008,0.0,56.58515616,0.363465258,0,0
2050-11-08 14:00:00,23.3395913478,46.7708401251,0.0,0.0,2.5310765604,565.7968461743,0.0,13.64987376,0.315870759,0,0
2050-11-08 15:00:00,9.5979592828,54.149159103200006,0.0,0.0,0.9095544423999999,142.05246657002806,0.0,13.07904176,0.221931089,0,0
2050-11-08 16:00:00,13.8598257518,42.2594315994,0.0,0.0,0.3636219779,120.77059097525468,0.0,4.98206048,0.0866170265,0,0
2050-11-08 17:00:00,0.0,0.2170836716,0.0,0.0,0.0,0.0,0.0,0.0,0.0,0,0
2050-11-08 18:00:00,0.0,0.0,0.0,0.0,0.0,0.0,0.0,0.0,0.0,0,0
2050-11-08 19:00:00,0.0,0.0,0.0,0.0,0.0,0.0,0.0,0.0,0.0,0,0
2050-11-08 20:00:00,0.0,0.0,0.0,0.0,0.0,0.0,0.0,0.0,0.0,0,0
2050-11-08 21:00:00,0.0,0.0,0.0,0.0,0.0,0.0,0.0,0.0,0.0,0,0
2050-11-08 22:00:00,0.0,0.0,0.0,0.0,0.0,0.0,0.0,0.0,0.0,0,0
2050-11-08 23:00:00,0.0,0.0,0.0,0.0,0.0,0.0,0.0,0.0,0.0,0,0
2050-12-13 00:00:00,0.0,0.0,0.0,0.0,0.0,0.0,0.0,0.0,0.0,0,0
2050-12-13 01:00:00,0.0,0.0,0.0,0.0,0.0,0.0,0.0,0.0,0.0,0,0
2050-12-13 02:00:00,0.0,0.0,0.0,0.0,0.0,0.0,0.0,0.0,0.0,0,0
2050-12-13 03:00:00,0.0,0.0,0.0,0.0,0.0,0.0,0.0,0.0,0.0,0,0
2050-12-13 04:00:00,0.0,0.0,0.0,0.0,0.0,0.0,0.0,0.0,0.0,0,0
2050-12-13 05:00:00,0.0,0.0,0.0,0.0,0.0,0.0,0.0,0.0,0.0,0,0
2050-12-13 06:00:00,0.0,0.0,0.0,0.0,0.0,0.0,0.0,0.0,0.0,0,0
2050-12-13 07:00:00,0.0,0.0,0.0,0.0,1.0049992607,0.0,0.0,0.0,0.0,0,0
2050-12-13 08:00:00,7.8550801175,2.3500368226,0.0,0.0,7.1366302202,0.0,0.0,0.0,0.0,0,0
2050-12-13 09:00:00,60.3263374973,22.9924684023,0.0,0.0,9.7622293645,5.688782199292805,0.0,8.63478912,0.0808576045,0,0
2050-12-13 10:00:00,41.1321078084,41.493993931300004,0.0,0.0,11.6618826122,138.57925633446192,0.0,33.24370048,0.2057985175,0,0
2050-12-13 11:00:00,53.066336785000004,55.3875539295,0.0,0.0,13.101721847499999,45.79805612571085,0.0,71.4477336,0.060524491,0,0
2050-12-13 12:00:00,31.514247158099998,52.17609897,0.0,0.0,12.700881449,89.77460365746869,0.0,93.84017472,0.0524990285,0,0
2050-12-13 13:00:00,11.541651618,41.3727402271,0.0,0.0,11.628144997499998,54.290996188767934,0.0,91.15453568,0.0777806615,0,0
2050-12-13 14:00:00,23.4958747758,37.0531145421,0.0,0.0,10.0107318439,44.93617828673019,0.0,103.75546064,0.2732759465,0,0
2050-12-13 15:00:00,21.661352620600002,41.6135569034,0.0,0.0,6.963541879899999,63.16297245767478,0.0,49.61694096000001,0.023995778,0,0
2050-12-13 16:00:00,19.5230104972,16.850041203900002,0.0,0.0,1.1903495163,0.0,0.0,1.9590006400000002,0.0531989285,0,0
2050-12-13 17:00:00,0.0,0.0,0.0,0.0,0.0,0.0,0.0,0.0,0.0,0,0
2050-12-13 18:00:00,0.0,0.0,0.0,0.0,0.0,0.0,0.0,0.0,0.0,0,0
2050-12-13 19:00:00,0.0,0.0,0.0,0.0,0.0,0.0,0.0,0.0,0.0,0,0
2050-12-13 20:00:00,0.0,0.0,0.0,0.0,0.0,0.0,0.0,0.0,0.0,0,0
2050-12-13 21:00:00,0.0,0.0,0.0,0.0,0.0,0.0,0.0,0.0,0.0,0,0
2050-12-13 22:00:00,0.0,0.0,0.0,0.0,0.0,0.0,0.0,0.0,0.0,0,0
2050-12-13 23:00:00,0.0,0.0,0.0,0.0,0.0,0.0,0.0,0.0,0.0,0,0
2050-12-14 00:00:00,0.0,0.0,0.0,0.0,0.0,0.0,0.0,0.0,0.0,0,0
2050-12-14 01:00:00,0.0,0.0,0.0,0.0,0.0,0.0,0.0,0.0,0.0,0,0
2050-12-14 02:00:00,0.0,0.0,0.0,0.0,0.0,0.0,0.0,0.0,0.0,0,0
2050-12-14 03:00:00,0.0,0.0,0.0,0.0,0.0,0.0,0.0,0.0,0.0,0,0
2050-12-14 04:00:00,0.0,0.0,0.0,0.0,0.0,0.0,0.0,0.0,0.0,0,0
2050-12-14 05:00:00,0.0,0.0,0.0,0.0,0.0,0.0,0.0,0.0,0.0,0,0
2050-12-14 06:00:00,0.0,0.0,0.0,0.0,0.0,0.0,0.0,0.0,0.0,0,0
2050-12-14 07:00:00,0.0,0.0,0.0,0.0,0.1965154345,0.0,0.0,0.0,0.0,0,0
2050-12-14 08:00:00,61.779070766000004,10.0579737039,0.0,0.0,0.0099744554,0.0,0.0,7.21043984,0.0,0,0
2050-12-14 09:00:00,117.4508157648,41.4369252735,0.0,0.0,1.9580665411999998,28.538628402206587,0.0,13.606264800000002,0.014715276,0,0
2050-12-14 10:00:00,150.58068504080003,90.5503637903,0.0,0.0,0.1996557928,44.44971810327181,0.0,11.982758879999999,0.0071025445,0,0
2050-12-14 11:00:00,169.2481979048,134.1861980184,0.0,0.0,0.4509509026,53.64063464741397,0.0,37.58743072,0.1335599185,0,0
2050-12-14 12:00:00,173.0619475788,143.7402896543,0.0,0.0,3.3149359436,153.78205182734146,0.0,11.1021496,0.062891564,0,0
2050-12-14 13:00:00,171.575377827,140.8377729664,0.0,0.0,5.561910538499999,382.0378211102191,0.0,12.708960959999999,0.0469872045,0,0
2050-12-14 14:00:00,145.8092515915,125.8886085376,0.0,0.0,0.5960657526,221.11183473060325,0.0,15.66421008,0.0186271325,0,0
2050-12-14 15:00:00,105.62995780680001,62.32301385659999,0.0,0.0,6.017868086,39.179360863057745,0.0,2.9817136,0.10083161,0,0
2050-12-14 16:00:00,48.840409374400004,16.2669053811,0.0,0.0,1.1805240833,45.52817335167032,0.0,10.96420496,0.0364156625,0,0
2050-12-14 17:00:00,0.0,0.0,0.0,0.0,0.0,0.0,0.0,0.0,0.0,0,0
2050-12-14 18:00:00,0.0,0.0,0.0,0.0,0.0,0.0,0.0,0.0,0.0,0,0
2050-12-14 19:00:00,0.0,0.0,0.0,0.0,0.0,0.0,0.0,0.0,0.0,0,0
2050-12-14 20:00:00,0.0,0.0,0.0,0.0,0.0,0.0,0.0,0.0,0.0,0,0
2050-12-14 21:00:00,0.0,0.0,0.0,0.0,0.0,0.0,0.0,0.0,0.0,0,0
2050-12-14 22:00:00,0.0,0.0,0.0,0.0,0.0,0.0,0.0,0.0,0.0,0,0
2050-12-14 23:00:00,0.0,0.0,0.0,0.0,0.0,0.0,0.0,0.0,0.0,0,0
2050-12-15 00:00:00,0.0,0.0,0.0,0.0,0.0,0.0,0.0,0.0,0.0,0,0
2050-12-15 01:00:00,0.0,0.0,0.0,0.0,0.0,0.0,0.0,0.0,0.0,0,0
2050-12-15 02:00:00,0.0,0.0,0.0,0.0,0.0,0.0,0.0,0.0,0.0,0,0
2050-12-15 03:00:00,0.0,0.0,0.0,0.0,0.0,0.0,0.0,0.0,0.0,0,0
2050-12-15 04:00:00,0.0,0.0,0.0,0.0,0.0,0.0,0.0,0.0,0.0,0,0
2050-12-15 05:00:00,0.0,0.0,0.0,0.0,0.0,0.0,0.0,0.0,0.0,0,0
2050-12-15 06:00:00,0.0,0.0,0.0,0.0,0.0,0.0,0.0,0.0,0.0,0,0
2050-12-15 07:00:00,0.0,0.0,0.0,0.0,0.0364110191,0.0,0.0,0.0,0.0,0,0
2050-12-15 08:00:00,0.9151162293,31.812909189699997,0.0,0.0,2.3455909292,0.0,0.0,0.45307024,0.0,0,0
2050-12-15 09:00:00,13.1147093532,95.3931757518,0.0,0.0,6.9473734954,26.42569000147661,0.0,0.26181104,0.0,0,0
2050-12-15 10:00:00,2.4721226319999996,133.2247424439,0.0,0.0,8.5427402049,5.826030296464279,0.0,79.41424768,0.0028158915,0,0
2050-12-15 11:00:00,83.75971703609999,150.6751219797,0.0,0.0,5.620186721,52.72638731568241,0.0,91.41475120000001,0.0124592995,0,0
2050-12-15 12:00:00,16.9176316232,101.0334279292,0.0,0.0,5.6154785971,202.82405387336894,0.0,90.42058208,0.0094472015,0,0
2050-12-15 13:00:00,87.01103912549999,116.06985778359999,0.0,0.0,1.8211524356,68.37063090978181,0.0,85.66232528,0.036297655,0,0
2050-12-15 14:00:00,13.513679275600001,127.91576575839998,0.0,0.0,1.2645505625,26.75860588620879,0.0,24.92168016,0.008459197,0,0
2050-12-15 15:00:00,4.5164942228,85.2144862814,0.0,0.0,1.4375536674,67.17229614305349,0.0,1.06297536,0.0138723395,0,0
2050-12-15 16:00:00,0.029774212999999997,49.7956497696,0.0,0.0,0.0700788152,7.221838655440383,0.0,1.67969248,0.0,0,0
2050-12-15 17:00:00,0.0,0.0,0.0,0.0,0.0,0.0,0.0,0.0,0.0,0,0
2050-12-15 18:00:00,0.0,0.0,0.0,0.0,0.0,0.0,0.0,0.0,0.0,0,0
2050-12-15 19:00:00,0.0,0.0,0.0,0.0,0.0,0.0,0.0,0.0,0.0,0,0
2050-12-15 20:00:00,0.0,0.0,0.0,0.0,0.0,0.0,0.0,0.0,0.0,0,0
2050-12-15 21:00:00,0.0,0.0,0.0,0.0,0.0,0.0,0.0,0.0,0.0,0,0
2050-12-15 22:00:00,0.0,0.0,0.0,0.0,0.0,0.0,0.0,0.0,0.0,0,0
2050-12-15 23:00:00,0.0,0.0,0.0,0.0,0.0,0.0,0.0,0.0,0.0,0,0
2050-12-16 00:00:00,0.0,0.0,0.0,0.0,0.0,0.0,0.0,0.0,0.0,0,0
2050-12-16 01:00:00,0.0,0.0,0.0,0.0,0.0,0.0,0.0,0.0,0.0,0,0
2050-12-16 02:00:00,0.0,0.0,0.0,0.0,0.0,0.0,0.0,0.0,0.0,0,0
2050-12-16 03:00:00,0.0,0.0,0.0,0.0,0.0,0.0,0.0,0.0,0.0,0,0
2050-12-16 04:00:00,0.0,0.0,0.0,0.0,0.0,0.0,0.0,0.0,0.0,0,0
2050-12-16 05:00:00,0.0,0.0,0.0,0.0,0.0,0.0,0.0,0.0,0.0,0,0
2050-12-16 06:00:00,0.0,0.0,0.0,0.0,0.0,0.0,0.0,0.0,0.0,0,0
2050-12-16 07:00:00,0.0,0.0,0.0,0.0,0.0440763711,0.0,0.0,0.0,0.0,0,0
2050-12-16 08:00:00,59.523103173799996,22.4716201526,0.0,0.0,1.5292231712,0.0,0.0,29.15509744,0.0,0,0
2050-12-16 09:00:00,121.0809740623,68.1215335933,0.0,0.0,3.8471400660999997,8.858590640441626,0.0,52.744484639999996,0.000328752,0,0
2050-12-16 10:00:00,164.1022817294,135.0200883086,0.0,0.0,7.9007858055,92.51291501079822,0.0,75.84093519999999,0.00707539,0,0
2050-12-16 11:00:00,166.4884880519,128.4970150116,0.0,0.0,8.430254724000001,5.550002465090137,0.0,88.34953888,0.00806011,0,0
2050-12-16 12:00:00,172.7583557987,160.0242037875,0.0,0.0,1.0781123863,39.86987581933073,0.0,87.64740192,0.0392197985,0,0
2050-12-16 13:00:00,164.5045577875,140.4572681807,0.0,0.0,2.6219144347,49.49364178036277,0.0,96.86818592,0.036376748,0,0
2050-12-16 14:00:00,147.7077587615,126.99581116190001,0.0,0.0,7.460405374499999,12.773878290328053,0.0,82.25103376,0.028983926,0,0
2050-12-16 15:00:00,111.8314930684,62.376744441,0.0,0.0,6.246961347500001,4.819676514261612,0.0,53.26308,0.0024329615,0,0
2050-12-16 16:00:00,52.519621517999994,37.113812006799996,0.0,0.0,1.0820244924,0.0,0.0,16.51088992,0.0,0,0
2050-12-16 17:00:00,0.0,0.0,0.0,0.0,0.0,0.0,0.0,0.0,0.0,0,0
2050-12-16 18:00:00,0.0,0.0,0.0,0.0,0.0,0.0,0.0,0.0,0.0,0,0
2050-12-16 19:00:00,0.0,0.0,0.0,0.0,0.0,0.0,0.0,0.0,0.0,0,0
2050-12-16 20:00:00,0.0,0.0,0.0,0.0,0.0,0.0,0.0,0.0,0.0,0,0
2050-12-16 21:00:00,0.0,0.0,0.0,0.0,0.0,0.0,0.0,0.0,0.0,0,0
2050-12-16 22:00:00,0.0,0.0,0.0,0.0,0.0,0.0,0.0,0.0,0.0,0,0
2050-12-16 23:00:00,0.0,0.0,0.0,0.0,0.0,0.0,0.0,0.0,0.0,0,0
2050-12-17 00:00:00,0.0,0.0,0.0,0.0,0.0,0.0,0.0,0.0,0.0,0,0
2050-12-17 01:00:00,0.0,0.0,0.0,0.0,0.0,0.0,0.0,0.0,0.0,0,0
2050-12-17 02:00:00,0.0,0.0,0.0,0.0,0.0,0.0,0.0,0.0,0.0,0,0
2050-12-17 03:00:00,0.0,0.0,0.0,0.0,0.0,0.0,0.0,0.0,0.0,0,0
2050-12-17 04:00:00,0.0,0.0,0.0,0.0,0.0,0.0,0.0,0.0,0.0,0,0
2050-12-17 05:00:00,0.0,0.0,0.0,0.0,0.0,0.0,0.0,0.0,0.0,0,0
2050-12-17 06:00:00,0.0,0.0,0.0,0.0,0.0,0.0,0.0,0.0,0.0,0,0
2050-12-17 07:00:00,0.0,0.0,0.0,0.0,0.6098559023000001,0.0,0.0,0.0,0.0,0,0
2050-12-17 08:00:00,58.77374219360001,28.663751250399997,0.0,0.0,7.0104820842999995,0.0,0.0,28.641251200000003,0.0,0,0
2050-12-17 09:00:00,111.3468365086,91.5080552737,0.0,0.0,10.381762312500001,1.5305334196180944,0.0,83.81548000000001,0.077202825,0,0
2050-12-17 10:00:00,57.754345618200006,122.9892907557,0.0,0.0,12.4200001829,734.972611356364,0.0,109.12091152,0.014376304,0,0
2050-12-17 11:00:00,97.5163538216,140.777902966,0.0,0.0,13.3786510873,894.9441935188527,0.0,123.76580288,0.006041017,0,0
2050-12-17 12:00:00,162.6694934662,158.0933331903,0.0,0.0,13.374475106600002,51.735974589589915,0.0,127.81521952,0.0125866345,0,0
2050-12-17 13:00:00,168.5215206052,154.6243840255,0.0,0.0,12.351549729399999,965.7271666346732,0.0,121.75710016,0.0053761995,0,0
2050-12-17 14:00:00,136.192699951,139.7173943285,0.0,0.0,10.3145133916,880.7396332064499,0.0,104.92294576,0.0037489515,0,0
2050-12-17 15:00:00,112.0332898615,98.32090964039999,0.0,0.0,7.1947050852,13.681189296048252,0.0,35.5315688,0.0046945465,0,0
2050-12-17 16:00:00,49.154822215799996,51.889654367,0.0,0.0,1.3475847305,3.967448914037922,0.0,11.55082416,0.0,0,0
2050-12-17 17:00:00,0.0,0.0,0.0,0.0,0.0,0.0,0.0,0.0,0.0,0,0
2050-12-17 18:00:00,0.0,0.0,0.0,0.0,0.0,0.0,0.0,0.0,0.0,0,0
2050-12-17 19:00:00,0.0,0.0,0.0,0.0,0.0,0.0,0.0,0.0,0.0,0,0
2050-12-17 20:00:00,0.0,0.0,0.0,0.0,0.0,0.0,0.0,0.0,0.0,0,0
2050-12-17 21:00:00,0.0,0.0,0.0,0.0,0.0,0.0,0.0,0.0,0.0,0,0
2050-12-17 22:00:00,0.0,0.0,0.0,0.0,0.0,0.0,0.0,0.0,0.0,0,0
2050-12-17 23:00:00,0.0,0.0,0.0,0.0,0.0,0.0,0.0,0.0,0.0,0,0
2050-12-18 00:00:00,0.0,0.0,0.0,0.0,0.0,0.0,0.0,0.0,0.0,0,0
2050-12-18 01:00:00,0.0,0.0,0.0,0.0,0.0,0.0,0.0,0.0,0.0,0,0
2050-12-18 02:00:00,0.0,0.0,0.0,0.0,0.0,0.0,0.0,0.0,0.0,0,0
2050-12-18 03:00:00,0.0,0.0,0.0,0.0,0.0,0.0,0.0,0.0,0.0,0,0
2050-12-18 04:00:00,0.0,0.0,0.0,0.0,0.0,0.0,0.0,0.0,0.0,0,0
2050-12-18 05:00:00,0.0,0.0,0.0,0.0,0.0,0.0,0.0,0.0,0.0,0,0
2050-12-18 06:00:00,0.0,0.0,0.0,0.0,0.0,0.0,0.0,0.0,0.0,0,0
2050-12-18 07:00:00,0.0,0.0,0.0,0.0,0.5439574363999999,0.0,0.0,0.0,0.0,0,0
2050-12-18 08:00:00,11.0241939605,1.6086153402,0.0,0.0,2.4821088963999998,0.0,0.0,1.67921872,0.0,0,0
2050-12-18 09:00:00,38.5577092103,23.3781788611,0.0,0.0,6.4534938588,109.8109379052026,0.0,9.760549280000001,0.070468855,0,0
2050-12-18 10:00:00,83.21956797210001,60.2368417639,0.0,0.0,7.2899815106000005,62.22979598943156,0.0,3.9041718399999996,0.200223867,0,0
2050-12-18 11:00:00,145.7482974815,85.0901806332,0.0,0.0,8.983344467999999,99.20391534094433,0.0,1.93953248,0.2935092355,0,0
2050-12-18 12:00:00,120.8654804336,117.181225292,0.0,0.0,8.3785836298,107.94165357276671,0.0,22.74080928,0.3401887785,0,0
2050-12-18 13:00:00,63.916386742600004,53.1948904985,0.0,0.0,6.8945856307,955.4600506519594,0.0,3.75878368,0.3389057065,0,0
2050-12-18 14:00:00,42.243263597500004,80.9176802319,0.0,0.0,4.0279013618,870.8363700942125,0.0,0.48339408,0.2893498615,0,0
2050-12-18 15:00:00,21.6292049204,48.2115762829,0.0,0.0,2.585123036,681.0309371523103,0.0,1.0652424,0.1938505615,0,0
2050-12-18 16:00:00,36.071602021,31.0415098476,0.0,0.0,0.2381937374,307.55183551970117,0.0,0.33923184,0.064244807,0,0
2050-12-18 17:00:00,0.0,0.0,0.0,0.0,0.0,0.0,0.0,0.0,0.0,0,0
2050-12-18 18:00:00,0.0,0.0,0.0,0.0,0.0,0.0,0.0,0.0,0.0,0,0
2050-12-18 19:00:00,0.0,0.0,0.0,0.0,0.0,0.0,0.0,0.0,0.0,0,0
2050-12-18 20:00:00,0.0,0.0,0.0,0.0,0.0,0.0,0.0,0.0,0.0,0,0
2050-12-18 21:00:00,0.0,0.0,0.0,0.0,0.0,0.0,0.0,0.0,0.0,0,0
2050-12-18 22:00:00,0.0,0.0,0.0,0.0,0.0,0.0,0.0,0.0,0.0,0,0
2050-12-18 23:00:00,0.0,0.0,0.0,0.0,0.0,0.0,0.0,0.0,0.0,0,0
2050-12-19 00:00:00,0.0,0.0,0.0,0.0,0.0,0.0,0.0,0.0,0.0,0,0
2050-12-19 01:00:00,0.0,0.0,0.0,0.0,0.0,0.0,0.0,0.0,0.0,0,0
2050-12-19 02:00:00,0.0,0.0,0.0,0.0,0.0,0.0,0.0,0.0,0.0,0,0
2050-12-19 03:00:00,0.0,0.0,0.0,0.0,0.0,0.0,0.0,0.0,0.0,0,0
2050-12-19 04:00:00,0.0,0.0,0.0,0.0,0.0,0.0,0.0,0.0,0.0,0,0
2050-12-19 05:00:00,0.0,0.0,0.0,0.0,0.0,0.0,0.0,0.0,0.0,0,0
2050-12-19 06:00:00,0.0,0.0,0.0,0.0,0.0,0.0,0.0,0.0,0.0,0,0
2050-12-19 07:00:00,0.0,0.0,0.0,0.0,0.020763909,0.0,0.0,0.0,0.0,0,0
2050-12-19 08:00:00,61.1611757057,34.7470035631,0.0,0.0,1.0438243690000002,0.0,0.0,31.28491072,0.0,0,0
2050-12-19 09:00:00,122.7530477467,111.0094788881,0.0,0.0,4.0407508573,1.8156781931696144,0.0,91.5096776,1.535e-05,0,0
2050-12-19 10:00:00,177.8009223627,150.6596990149,0.0,0.0,9.5738916305,38.985897984999646,0.0,118.48915888,0.011173579,0,0
2050-12-19 11:00:00,200.1057758707,172.9968290186,0.0,0.0,11.227136219699998,179.34001623667072,0.0,134.14824496,0.014166125,0,0
2050-12-19 12:00:00,206.09274308419998,181.83652522719999,0.0,0.0,10.6575177441,91.28453632765209,0.0,139.0508864,0.0124213075,0,0
2050-12-19 13:00:00,196.8171657522,178.073931307,0.0,0.0,7.4747988164,68.9562171611624,0.0,132.8312696,0.013418001,0,0
2050-12-19 14:00:00,171.9593260826,158.7549903932,0.0,0.0,7.2639148219,43.96929654919625,0.0,116.62289024,0.002828173,0,0
2050-12-19 15:00:00,131.3284208789,127.0296716512,0.0,0.0,1.4148146095,85.65331545418874,0.0,88.38913472,0.009075592,0,0
2050-12-19 16:00:00,61.67087342080001,69.62225262519999,0.0,0.0,1.5072737774999998,33.727943071531385,0.0,29.9346672,0.000856815,0,0
2050-12-19 17:00:00,0.0,0.0,0.0,0.0,0.0,0.0,0.0,0.0,0.0,0,0
2050-12-19 18:00:00,0.0,0.0,0.0,0.0,0.0,0.0,0.0,0.0,0.0,0,0
2050-12-19 19:00:00,0.0,0.0,0.0,0.0,0.0,0.0,0.0,0.0,0.0,0,0
2050-12-19 20:00:00,0.0,0.0,0.0,0.0,0.0,0.0,0.0,0.0,0.0,0,0
2050-12-19 21:00:00,0.0,0.0,0.0,0.0,0.0,0.0,0.0,0.0,0.0,0,0
2050-12-19 22:00:00,0.0,0.0,0.0,0.0,0.0,0.0,0.0,0.0,0.0,0,0
2050-12-19 23:00:00,0.0,0.0,0.0,0.0,0.0,0.0,0.0,0.0,0.0,0,0
